,prompt,answer
2384,ผักบุ้งริมแม่น้ำตามธรรมชาติกินได้ไหม,สามารถรับประทานได้ หากคุณล้างทำความสะอาดและนำไปผ่านกระบวนการปรุงอาหารก่อนรับประทาน
2538,"ผลไม้ใดบ้างในรายการต่อไปนี้ที่เป็นผลไม้ท้องถิ่นในประเทศไทย:
เมล่อน ทุเรียน ส้มโอ แอปเปิ้ล มะยม",ทุเรียน ส้มโอ มะยม
2176,กัลปพฤกษ์ออกดอกเดือนไหน,ช่วงปลายเดือนกุมภาพันธ์ จนถึงปลายเดือนมีนาคมของทุกปี
897,ทฤษฎีเอกภาพจะสามารถอธิบายอะไรได้,ทฤษฎีเอกภาพ (Unified theory) จะสามารถอธิบายทุกสรรพสิ่งในเอกภพได้
214,"จงจัดจำแนกข้อความต่อไปนี้ว่าเป็น neutral, negative หรือ positive
ข้อความ: ผมกินข้าว",neutral
2380,คำลงท้ายหางเสียงของผู้ชายในภาษาไทยใช้อะไร,ใช้คำว่า ครับ เป็นคำลงท้ายหางเสียงของผู้ชายในภาษาไทย
2714,ปัจจุบันสถานีกลางบางซื่อเปลี่ยนชื่อเป็นสถานีใด,สถานีกลางบางซื่อ เปลี่ยนชื่อเป็น สถานีกลางกรุงเทพอภิวัฒน์
2576,ชื่อเล่นของพลเอกประยุทธ์ จันทร์โอชาคืออะไร,ตู่ เป็นชื่อเล่นของพลเอกประยุทธ์ จันทร์โอชา
102,พิพิธภัณฑ์ที่ดีที่สุดในการไปดูงานศิลปะคือที่ไหน?,มีพิพิธภัณฑ์ที่ยอดเยี่ยมหลายแห่งในโลก แต่พิพิธภัณฑ์ลูฟร์น่าจะเป็นพิพิธภัณฑ์ที่มีชื่อเสียงที่สุด พิพิธภัณฑ์ลูฟร์เป็นพิพิธภัณฑ์ที่ตั้งอยู่ในกรุงปารีส ประเทศฝรั่งเศส และเป็นหนึ่งในพิพิธภัณฑ์ที่ใหญ่ที่สุดในโลก เป็นที่ตั้งของคอลเลกชันงานศิลปะที่มีชื่อเสียงที่สุดในโลก และเป็นพิพิธภัณฑ์ที่มีผู้เข้าชมมากที่สุดในโลก โดยมีผู้เยี่ยมชมประมาณ 9 ล้านคนในแต่ละปี พิพิธภัณฑ์ตั้งอยู่ในพระราชวังลูฟวร์ซึ่งสร้างขึ้นในศตวรรษที่ 16
192,จะรู้ได้อย่างไรว่าวัตถุทรงกลมนั้นเป็นทรงกลมหรือไม่,คุณสามารถบอกได้ว่าวัตถุทรงกลมนั้นเป็นทรงกลมหรือไม่โดยการวัดเส้นผ่านศูนย์กลางและเส้นรอบวง ถ้าขนาดเท่ากัน ก็น่าจะเป็นทรงกลม
1447,วิทย์และคณิตเกี่ยวข้องกันอย่างไร,มีคนเคยกล่าวไว้ว่า คณิตศาสตร์เป็นเครื่องมือของวิทยาศาสตร์และเทคโนโลยีสาขาต่าง ๆ
229,อยากได้ค่า e ใน python เรียกด้วยคำสั่งอะไร,คุณสามารถใช้ชุดคำสั่ง math สำหรับค่า e ได้ด้วยคำสั่ง math.e โดยมีค่าประมาณคณิตศาสตร์ของ e = 2.718281...
776,จำลองว่าตัวเองเป็นแม่ แล้วคิดข้อความสำหรับส่งหาลูกให้ซื้อผักให้หน่อย,แม่ฝากลูกซื้อผักให้แม่หน่อย
1236,ความเผ็ดของพริกอยู่ตรงส่วนไหน,อยู่ที่ส่วนประกอบเคมีที่อยู่ภายในที่ชื่อ capsaicin (8-methyl-N-vanillyl-6-nonenamide) ซึ่งจะทำให้เกิดการระคายเคืองต่อสัตว์เลี้ยงลูกด้วยนมและจะเกิดอาการเผาไหม้บริเวณปากและสารตัวนี้เองที่นำมาใช้ทำสเปรย์พริก
2582,ภาษาไทยใช้คำว่าอะไรในการทักทายสำหรับสวัสดีตอนเช้า,อรุณสวัสดิ์
17,"ขอบทความเรื่อง ""LibreOffice โปรแกรมเอกสารดีๆไม่ต้องใช้ Word"" โดยให้แนะนำโปรแกรมชุด LibreOffice","LibreOffice พัฒนาโดย The Document Foundation เป็นซอฟต์แวร์แบบโอเพนซอร์ส ไม่มีค่าใช้จ่ายโปรแกรมครับ โดยโปรแกรมพัฒนามาจาก OpenOffice.org มีใช้หลายระบบทั้ง linux Windows  OS X ครับ แถมรองรับภาษาไทยเต็มรูปแบบ

โปรแกรมใน LibreOffice
โปรแกรมที่มากับ LibreOffice มีโปรแกรมดังนี้
1.LibreOffice Writer เป็นโปรแกรมพิมพ์เอกสาร สามารถแก้ไขเอกสารได้ทั้งไฟล์ .doc .docx เป็นต้นครับ และสามารถส่งออกเป็นไฟล์ .xml .html และ .pdf เมนูคล้ายๆ Word 2003
2.LibreOffice Impress เป็นโปรแกรมสร้างงานนำเสนอ มีลูกเล่นต่าง ๆ มีแม่แบบสวยๆมากมาย และสามารถส่งออกเป็นไฟล์ .pdf  ได้
3.LibreOffice Calc เป็นโปรแกรมคำนวณแบบตาราง เหมือนกับ Excel
4.LibreOffice Base เป็นโปรแกรมสำหรับสร้างฐานข้อมูล เก็บข้อมูลในฐานข้อมูล
5.LibreOffice Math เป็นโปรแกรมสำหรับใช้วาดสมการคณิตศาสตร์
6.LibreOffice Draw เป็นโปรแกรมสำหรับใช้วาดภาพลงกระดาษและโปสเตอร์
LibreOffice เป็นโปรแกรมที่มีคุณสมบัติไม่ด้อยไปกว่าMicrosoft Office เหมาะสมสำหรับคนที่ไม่อยากใช้ Microsoft Office ที่ละมิดลิขสิทธิ์"
1127,เทศบาลเมืองนครนายกมีอาณาเขตติดกับอะไรบ้าง,"- ทิศเหนือ ติดต่อกับองค์การบริหารส่วนตำบลพรหมณี และองค์การบริหารส่วนตำบลบ้านใหญ่ อำเภอเมืองนครนายก
- ทิศใต้ ติดต่อกับองค์การบริหารส่วนตำบลท่าช้าง องค์การบริหารส่วนตำบลวังกระโจม และองค์การบริหารส่วนตำบลบ้านใหญ่ อำเภอเมืองนครนายก
- ทิศตะวันออก ติดต่อกับองค์การบริหารส่วนตำบลบ้านใหญ่ อำเภอเมืองนครนายก
- ทิศตะวันตก ติดต่อกับองค์การบริหารส่วนตำบลพรหมณี และองค์การบริหารส่วนตำบลท่าช้าง อำเภอเมืองนครนายก"
170,ส่วนผสมหลักในพิซซ่าคืออะไร,ส่วนประกอบหลักในพิซซ่าโดยทั่วไปประกอบด้วยชีส ซอส และท็อปปิ้ง
2247,พฤติกรรมเลียนแบบในเด็กเกิดจากอะไร,พฤติกรรมเลียนแบบในเด็กเกิดจากการเลียนแบบสังคม สิ่งแวดล้อมรอบตัวเด็ก โดยเฉพาะพ่อแม่ สื่อ เพื่อน และอื่น ๆ เด็กจะซึมซับพฤติกรรมนั้นมา
1091,อธิบายขั้นตอนการทำข้าวผัดกุนเชียง,"ขั้นตอนในการทําข้าวผัดกุนเชียง
1. ตั้งกระทะใส่น้ํามันพืชเล็กน้อย นํากระเทียมสับลงไปเจียวให้หอม
2. ใส่กุนเชียงลงไปคลุกให้ข้ากัน
3. ปรุงรสด้วยซีอิ๊วขาว, น้ําตาลทราย, พริกไทยป่น, และน้ํามันหอย
4. ใส่ข้าวสวยลงไปคลุกเคล้าให้เข้ากัน
5. ปิดไฟ ตักใส่จานเสิร์ฟ"
605,คุณสมบัติของสุนัขที่สามารถบริจาคเลือดได้มีอะไรบ้าง?,"คุณสมบัติของสุนัขที่สามารถบริจาคเลือดได้ มีดังนี้
- อายุระหว่าง 1-8 ปี
- สุขภาพแข็งแรง มีน้ำหนักมากกว่า 20 กิโลกรัม
- ทำวัคซีนรวมประจำปีครบ มีการป้องกันเห็บหมัดพยาธิหัวใจเป็นประจำทุก 1 เดือน
- ไม่เคยได้รับเลือดมาก่อน
- ตัวเมียควรทำหมันแล้ว
- ไม่เป็นโรคติดต่อทางระบบเลือด
- ไม่เคยเป็นโรคแท้งติดต่อ"
1457,โลหะอัลคาไลมีสมบัติอะไร,"โลหะอัลคาไล มีสมบัติคือ
1. อิเล็กโทรเนกาติวิตีต่ำมาก สามารถให้อิเล็กตรอนได้ดี
2. ทำปฏิกิริยารุนแรงกับน้ำได้ไฮโดรเจน
3. จุดหลอมเหลวต่ำ (โซเดียมมีจุดหลอมเหลวต่ำกว่าน้ำนิดเดียว)
4. ความหนาแน่นต่ำ (ลิเทียม โซเดียม และโพแทสเซียมลอยน้ำได้ มันจะลอยจนกว่ามันจะทำปฏิกิริยากับน้ำเสร็จสิ้น)
5. สารประกอบละลายน้ำได้ดี ออกไซด์เป็นเบสแก่"
2005,ประเทศอังกฤษกับประเทศญี่ปุ่นมีอะไรที่เหมือนกัน,ประเทศทั้งสองต่างเป็นประเทศที่อยู่บนเกาะ และเป็นประเทศที่พัฒนาแล้วทั้งคู่ นอกจากนั้นทั้งคู่ต่างเป็นประเทศที่กำเนิดภาษาของตัวเองที่มีคนใช้งานกันทั่วโลก เช่น ประเทศอังกฤษ ให้กำเนิดภาษาอังกฤษที่เป็นภาษาสากลของโลก และประเทศญี่ปุ่น ให้กำเนิดภาษาญี่ปุ่น ซึ่งมีคนนิยมใช้งานนอกจากประเทศญี่ปุ่นเช่นกัน
2895,ปฏิพากย์คืออะไร,ปฏิพากย์ คือ การใช้ถ้อยคำที่มีความหมายตรงกันข้าม หรือขัดแย้งกันมากล่าว อย่างกลมกลืนกันเพื่อเพิ่มความหมายให้มีน้ำหนักมากยิ่งขึ้น
2852,ความเสมอภาคทางสังคมหมายความว่าอย่างไร,ความเสมอภาคทางสังคม หมายความว่า การที่ทุกคนสามารถอยู่ร่วมกันในสังคมได้อย่างมีความสงบสุข ด้วยความเคารพซึ่งกันและกัน มีศักดิ์ศรีของความเป็นมนุษย์เท่าเทียมกัน มีคุณค่า และมีความสำคัญเท่าเทียมกัน
2645,แม่น้ำสองสีที่อุบลราชธานีเกิดขึ้นมาได้อย่างไร,เกิดจากแม่น้ำโขงและแม่น้ำมูลไหลมาบรรจบกันซึ่งแม่น้ำทั้งสองมีสีที่แตกต่างกัน
289,จะเกิดอะไรขึ้น หากประเทศจีนมีการควบคุมการระบาดของโควิด-19 ดีกว่านี้ ไม่ให้แพร่ออกมาสู่นอกประเทศและเปิดเผยข้อมูลให้กับนานาชาติ ไม่ปิดข่าว,การระบาดของโควิด-19 หรือไวรัสอู่ฮั่น จะไม่รุนแรงถึงขนาดหลายประเทศทั่วโลกต้องล็อกดาวน์ หรือ ห้ามประชาชนออกนอกบ้าน ผู้สูงอายู และคนจำนวนมากอาจจะไม่เสียชีวิตจากการติดเชื้อ ลดความเสี่ยงต่อการเกิดสายพันธุ์ใหม่ เศษรฐกิจไม่ประสบปัญหามากเท่ากับการระบาดหนัก ผู้คนจะไม่สูญเสียโอกาสในการใช้ชีวิตทั้งการเรียน การทำงาน หรือประสบการณ์ชีวิต และภาพลักษณ์ของประเทศจีนจะไม่เสียหายมากเท่าปัจจุบัน
486,อยากขอหมั้นกับแฟนควรทำอย่างไรดี,แนะนำให้คุณถามใจตัวเองว่าพร้อมที่จะหมั้นหรือไม่ หากพร้อมให้ลุย ขอแฟนของคุณหมั้น ใจกล้าเข้าไว้ เตรียมแหวนหมั้นให้พร้อม ดูว่าแฟนของคุณพร้อมไหม คุณกับแฟนของคุณรู้จักใจคอกันมากพอหรือยัง ถ้าพร้อมลุย เลือกสถานที่บรรยากาศ จังหวะดี ๆ แล้วขอหมั้นกับแฟนของคุณ หากแฟนคุณตกลง สวมแหวนหมั้น หรือคุณจะหมั้นแบบไทยก็ได้ ให้พ่อแม่ของคุณไปสู่ขอหมั้นกับพ่อแม่ฝ่ายหญิง
2185,เมืองหลวงของประเทศอังกฤษคืออะไร,ลอนดอน เป็นเมืองหลวงของประเทศอังกฤษ
1421,0 องศาเซลเซียสเท่ากับกี่องศาเคลวิน,273.15 องศาเคลวิน
1811,อยากรู้ยีสต์อันตรายต่อร่างกายมากน้อยแค่ไหน,ยีสต์ก็เป็นส่วนหนึ่งของขนมปัง คุณกินขนมปังก็เท่ากับคุณกินยีสต์ ไม่มีอันตรายต่อร่างกาย
495,ข้อความต่อไปนี้มีความหมายหรือไม่: หกรนอ้รีฟน กยสสรนหก,ไม่มีความหมาย
1094,นักพากย์เขามีขั้นตอนการฝึกฝนอย่างไรบ้าง,ขั้นตอนแรก นักแสดงจะต้องฝึกฝนและเรียนรู้บทบาทของตัวละครที่ตนจะพากษ์เสียง โดยจะต้องศึกษาข้อมูลของบทนั้นๆ อย่างละเอียด เช่น ลักษณะนิสัยของบุคคลในเรื่อง อารมณ์ความรู้สึก บุคลิกภาพ ทักษะทางภาษา วัฒนธรรม ประเพณี ความเชื่อ ฯลฯ จากนั้นจึงฝึกพูดตามบทที่ศึกษามา ฝึกซ้อมบทพูดกับนักพาทย์เสียงมืออาชีพ เพื่อหาจุดบกพร่องและแก้ไขให้ถูกต้อง
3114,คิดข้อความแสดงความยินดีที่เพื่อนสอบเข้ามหาลัยติดให้หน่อย,เราดีใจกับเธอด้วยนะที่สอบติดมหาลัยที่ตั้งใจไว้ได้ ขอให้ประสบความสำเร็จกับการเรียนมหาวิทยาลัย
2069,นักบินอวกาศคนแรกของประเทศไทยคือใคร,ปัจจุบันประเทศไทยยังไม่มีนักบินอวกาศของไทยที่ได้ขึ้นไปอวกาศ แต่ยังคงมี นางสาวพิรดา เตชะวิจิตร์ ที่ผ่านการคัดเลือกรอบสุดท้ายเป็น 1 ใน 23 คน ในโครงการ แอ็กซ์ อพอลโล สเปซ อคาเดมี (AXE Apollo Space Academy) เป็นว่าที่นักบินอวกาศคนแรกของประเทศไทย ตามกำหนดเดิมจะออกเดินทางด้วยยานอวกาศลิงซ์ มาร์ค ทู (LYNX MARK II) แต่บริษัท XCOR ได้หยุดพัฒนายานดังกล่าวไปในปี พ.ศ. 2559 จึงยังไม่มีการปล่อยยานสู่อวกาศและคุณพิรดายังคงไม่ได้ขึ้นไปบนอวกาศ
332,หนอนคอมพิวเตอร์ชนิดแรกบนโลกอินเทอร์เน็ตมีชื่อว่าอะไร,หนอนมอร์ริส (Morris worm)
2203,ลูกชิ้นยืนกินอยู่ที่ไหน และ มีลักษณะอย่างไร,ลูกชิ้นยืนกินอยู่ที่หน้าสถานีรถไฟ จังหวัดบุรีรัมย์ เป็นของกินขึ้นชื่อของบุรีรัมย์ โดยเป็นแผงขายลูกชิ้นพร้อมกับสามารถยืนกินที่ร้านได้ทันที ต้นตำรับลูกชิ้นยืนกินบุรีรัมย์ คือ ลูกชิ้นหมู รับประทานคู่กับน้ำจิ้มสูตรโบราณพริกแห้งและมะขามเปียก จากนั้นมีน้ำจิ้มสูตรพริกเผาเพิ่มมาภายหลัง โดยเหตุผลที่ต้องยืนกินเพราะสะดวกและรวดเร็ว เนื่องจากคนสมัยก่อนนิยมเดินทางด้วยรถไฟ ทั้งเด็กนักเรียนและประชาชนทั่วไป ก็จะซื้อหาลูกชิ้นและยืนกินก่อนจะเดินทางต่อ
1491,อยากทราบว่าการเกิดน้ำอัตราส่วนโดยมวล H:O เท่ากับเท่าไร,1 ต่อ 8 (H 2 กรัม ต่อ O 16 กรัม)
256,สวนสัตว์มีหมู 2 ตัว ไก่ 5 ตัว สิงโต 2 ตัว สวนสัตว์แห่งนี้มีสัตว์ทั้งหมดกี่ตัว,เดิมมีหมู 2 ตัว ไก่ 5 ตัว สิงโต 2 ตัว มีสัตว์ในสวนสัตว์ทั้งหมด 2+5+2=9 คำตอบคือ 9 ตัว
900,เราสามารถสร้างพลังงานฟรีได้ไหม,ปัจจุบันมนุษยชาติไม่สามารถสร้างพลังงานฟรี (Free Energy) ได้ ไม่ว่าจะเป็นการหมุนเวียนแม่เหล็ก หรือ การสร้างพลังงานไฟฟ้าที่หมุนกลับมาเป็นไฟฟ้าได้ หากคุณพบเห็นข่าวหรือโพสต์อ้างว่าสามารถสร้างพลังงานฟรีที่ไม่มีวันหมดได้ ขอให้คุณพิจารณาอย่างรอบคอบ ทุกการเปลี่ยนแปลงพลังงาน การเคลื่อนที่ มีการสูญเสียพลังงานเสมอ
3027,"จงตอบคำถามต่อไปนี้เป็นภาษาอังกฤษเท่านั้น:
แมวพิมพ์ คำนี้มีความหมายว่าอย่างไร",This word is slang in Thai. It's a fun word that is used at the end of sentences by young Thai users.
538,จงคาดเดาเหตุการณ์ที่จะเกิดขึ้นหลังจากเหตุการณ์ต่อไปนี้: สมพรทำแก้วน้ำตกจากที่สูง,แก้วน้ำแตกกระจาย เศษแก้วกระเด้นไป
1289,อยากทราบว่าชื่อ กชพิณทร์ มีความหมายว่าอย่างไร,กช แปลว่า ดอกบัว ส่วน พิณทร์ ไม่มีคำนี้ แต่คงจะแผลงมาจาก พิณ รวมกับ อินทร์
1748,ผู้ใดเป็นคนตั้งชื่อเดือนสมัยใหม่ของไทยครับ? เช่น มกราคม กุมภาพันธ์,สมเด็จพระเจ้าวรวงศ์เธอ กรมพระยาเทวะวงศ์วโรปการ
2968,"จงเลือกคำตอบที่ถูกต้องที่สุดเพียงข้อเดียว
ภาคคะวันออกเฉียงเหนือ:มหาวิทยาลัยขอนแก่น -> ภาคเหนือ:?
ก. มหาวิทยาลัยมหิดล
ข. มหาวิทยาลัยเชียงใหม่
ค. มหาวิทยาลัยเกษตรศาสตร์
ง. มหาวิทยาลัยสงขลานครินทร์","ข. มหาวิทยาลัยเชียงใหม่
เพราะจาก ภาคคะวันออกเฉียงเหนือ:มหาวิทยาลัยขอนแก่น แสดงให้เห็นถึงมหาวิทยาลัยประจำภูมิภาค โดย มหาวิทยาลัยขอนแก่น เป็นมหาวิทยาลัยประจำภาคคะวันออกเฉียงเหนือ และหากพูดถึงภาคเหนือจะต้องเป็นมหาวิทยาลัยเชียงใหม่ที่อยู่ภาคเหนือและเป็นมหาวิทยาลัยประจำภูมิภาค ดังนั้น ภาคเหนือ:มหาวิทยาลัยเชียงใหม่"
642,สัญลักษณ์ทางเคมีของทองคืออะไร,สัญลักษณ์ทางเคมีของทอง คือ Au
2314,การเขียนบันทึกประจำวันมีข้อดีอย่างไรบ้าง,ช่วยบันทึกเรื่องราวในชีวิต เสริมสร้างความจำให้สามารถจดจำได้นานยิ่งขึ้นและยังได้ฝึกพัฒนาทักษะการเขียนไปในตัว
1590,ปรากฏการณ์พื้นที่อับฝนคืออะไร มีลักษณะอย่างไร,พื้นที่อับฝนคือภูมิประเทศที่ไม่มีลมมรสุมจากทะเลพัดผ่าน ส่วนมากจะอยู่ตอนกลางของทวีปหรืออยู่หลังแนวเทือกเขา ตัวอย่างพื้นที่อับฝนเช่น ภาคตะวันตกของไทย หรือแกรนด์แคนยอน
1359,ทำไม พลเอกชวลิต ยงใจยุทธจึงต้องลดค่าเงินบาทจนทำให้เกิดวิกฤตการณ์ทางการเงินในเอเชีย พ.ศ. 2540,เมื่อนำเงินไทยไปซื้อของจากต่างชาติมากเกินไป การจะซื้อขายกับต่างชาติ เงินไทยก็มักจะต้องเอาไปแปลงเป็นเงินของประเทศนั้น ๆ ที่เราจะซื้อสินค้าจากบริษัทของประเทศเขาก่อน
2188,ช้างกินอะไรเป็นอาหาร,"กินอาหารจำพวกพืชอย่างเช่น หญ้าชนิดต่าง ๆ, ไผ่ เป็นต้น"
1411,ถ้าดาวเคราะห์ในระบบสุริยะไม่หมุนรอบตัวเองผลที่จะเกิดขึ้นคือ,ด้านที่สว่างก็จะสว่างตลอดไป ด้านที่มืดก็จะมืดตลอดไป
3043,"จงตอบคำถามต่อไปนี้เป็นภาษาอังกฤษเท่านั้น:
จะทำชีสเค้กมะนาวแสนอร่อยได้อย่างไร?","To make a delicious lemon cheesecake, you'll need to follow a recipe that includes ingredients and steps for both the crust and the filling. Here is a simple yet tasty recipe for you:

Ingredients:
For the Crust:

* 18 graham crackers (about 2 cups of crumbs)
* 1/3 cup granulated sugar
* 7 tablespoons unsalted butter, melted
* A pinch of salt

For the Filling:

* 4 packages (8 oz each) cream cheese, at room temperature
* 1 cup granulated sugar
* Zest of 2 lemons
* Juice of 2 lemons (about 1/2 cup)
* 4 large eggs, at room temperature
* 1 teaspoon vanilla extract

Instructions:

1. Preheat your oven to 350°F (180°C). Grease an 9-inch springform pan with cooking spray or line it with parchment paper on the bottom and sides.

2. Make the crust by processing graham crackers in a food processor until finely ground. Transfer them to a bowl, add sugar, salt, and melted butter; mix well. Press this mixture onto the prepared springform pan, covering just the bottom and about halfway up the sides. Bake the crust for 10 minutes, then set aside to cool completely. Reduce heat to 325°F (165°C).

3. In a separate large mixing bowl, beat softened cream cheese using an electric mixer until smooth and fluffy. Gradually add sugar while continuing to beat the mixture. Scrape down the sides as needed. Mix in the lemon zest and juice, followed by the eggs one at a time, ensuring they are fully incorporated before adding another egg. Add vanilla extract and blend well. Pour this filling over the cooled crust.

4. Place the filled springform pan into a larger roasting dish, creating a water bath around it. Fill the outer pan with enough hot water to reach about half way up the side of the cheesecake pan. This will prevent any cracks from forming during baking. Carefully transfer the whole setup to the preheated oven and bake for approximately 60-70 minutes, or until the edges have slightly puffed but still look somewhat wet, and the center has barely jiggled when shaken gently. The internal temperature should register between 150°F - 155°F (65°C - 68°C).

5. Turn off the oven and allow the cheesecake to rest inside with the door closed for 1 hour. Remove the cake from the oven and let it sit undisturbed until it reaches room temperature, which could take another couple hours depending on how warm your kitchen is. Once it's reached room temp, cover loosely with plastic wrap and refrigerate overnight or up to 2 days.

6. Before serving, remove the ring from the springform pan and slice the chilled cheesecake. You can serve it plain or top with whipped cream and additional lemon zest if desired. Enjoy!"
321,แนะนำเครื่องมือสำหรับจัดเก็บบทความวิชาการไว้อ่านกับทำอ้างอิงให้หน่อย,ขอแนะนำ Zotero เป็นซอฟต์แวร์ที่ใช้งานได้ฟรี สำหรับจัดเก็บบทความวิชาการ ทรัพยากรทางด้านวิจัย และสืบค้นงานวิจัยที่จัดเก็บไว้ โดยสามารถสร้างอ้างอิงในรูปแบบต่าง ๆ ได้อย่างง่ายดาย และรองรับการใช้งานทุกระบบปฏิบัติการ รวมถึงมือถือ แท็บเล็ตอย่าง iOS อีกด้วย คุณสามารถซิงค์งานวิจัยที่ต้องการอ่านบนอุปกรณ์ต่าง ๆ ได้อย่างง่ายดาย
1135,รู้เขารู้เรา รบร้อยครั้งชนะร้อยครั้ง เป็นคำกล่าวของใคร,"ซุนวู เป็นผู้กล่าวประโยคดังกล่าวที่กล่าวว่า ""รู้เขารู้เรา รบร้อยครั้งชนะร้อยครั้ง"""
1803,ข้อใดคือคำสั้งพิมพ์เอกสารออกทางเครื่องพิมพ์,โปรแกรมส่วนใหญ่สามารถสั่งพิมพ์โดยการกดปุ่ม ctrl+p ส่วนถ้าในโปรแกรม word ใช้ file>>page setup
1559,"ในประวัติศาสตร์ล้านนามีกษัตริย์ชื่อ""พระเจ้ามูลเมือง""ไหมหรือเป็นเรื่องแต่ง",เป็นแค่เรื่องแต่ง เพราะในประวัติศาสตร์ไทย พม่า หรือแม้แต่ล้านนาเองไม่มีคำว่าเจ้ามูลเมืองปรากฏอยู่เลย
567,หากสังเกตว่าแมวมีความผิดปกติหรือมีอาการป่วย,ควรทำอย่างไรหรือให้การรักษาพยาบาลเบื้องต้นอย่างไรได้บ้าง ควรรีบนำไปพบสัตวแพทย์เพื่อทำการตรวจวินิจฉัย ไม่ควรให้ยาหรือรักษาอาการเบื้องต้นก่อนทราบสาเหตุของโรค เพราะการให้ยาโดยไม่ทราบขนาด การออกฤทธิ์และผลข้างเคียงของยาอาจส่งผลเสียต่อแมวได้
511,ถ้าไปสวนสัตว์แล้วเห็นฮิปโปหลุดออกมาควรทำอย่างไร,คุณควรออกห่างและหนีจากบริเวณนั้นให้เร็วที่สุด เพราะฮิปโปโปเตมัสเป็นสัวต์ดุร้ายไม่เหมือนในการ์ตูน อาจทำร้ายคุณได้
251,ถ้ามีแมว 3 ต้วอยู่ในบ้าน ซื้อแมวมาเพิ่ม 2 ตัว จะมีแมวอยู่ในบ้านจำนวนเท่าไร,เดิมมีแมวอยู่ในบ้าน 3 ตัว เพิ่มมา 2 ตัว 3+2=5 คำตอบคือ 5 ตัว
257,มีที่ดิน 1 ไร่ 3 งาน แปลงเป็นตารางเมตรได้กี่ตารางเมตร,"เดิมมีที่ดิน 1 ไร่  3 งาน แปลงเป็นตารางเมตรได้จากสูตร 1 ไร่ = 4 งาน = 400 ตารางวา = 1,600 ตารางเมตร และ 1 งาน = 100 ตารางวา = 400 ตารางเมตร จึงทำให้ที่ดิน 1 ไร่ = 1,600 ตารางเมตร และ 3 งาน = 3*400 = 900 ตารางเมตร แล้วนำมารวมกัน 1,600 + 900 = 2,500 ตารางเมตร คำตอบคือ 2,500 ตารางเมตร"
532,ขับรถไปหัวหินจากกรุงเทพแต่ไม่อยากวิ่ง ถนนพระราม 2 จะเปลี่ยนไปวิ่งเส้นไหนดี?,สามารถไปใช้ ถ.บรมราชชนนี (หมายเลข 338) มุ่งหน้า ถ.เพชรเกษม (หมายเลข 4) ผ่าน จ.นครปฐม และ จ.ราชบุรี ก่อนบรรจบกับถนนพระรามที่ 2 บริเวณแยกวังมะนาว แล้วมุ่งลงภาคใต้ได้เลย
1472,ใครคือผู้คิดค้นเลขโรมัน,ชาวโรมัน
1797,ประเทศภูฏาน นั้นอ่าว่า พูตาน หรือ พูถาน กันแน่ ,"อ่าน ""พู-ตาน"""
3135,"ข้อใดเป็นการคิดให้วัฒนะ:
ก. สมชายอยากให้บ้านเมืองพัฒนาไปในทางที่ดีกว่าเดิมด้วยการลงสมัครเลือกตั้ง หาเสียงด้วยนโยบายที่อยากเข้าไปพัฒนาบ้านเมือง
ข. นายกแห่ต้องการให้เฉพาะพวกตัวเองเท่านั้นเป็นรัฐบาล เพื่อสู้กว่าใคร เพื่อชนะคู่แข่ง","ก.
เพราะสมชายคิดอยากให้บ้านเมืองพัฒนาไปในทางที่ดี เป็นการคิดที่ให้คุณประโยชน์ ไม่เหมือนนายกแห่ที่หวังเพียงพวกตัวเองเป็นรัฐบาลโดยอ้างสู้กว่าใคร"
564,ควรมีชามน้ำชามอาหารและกระบะทรายจำนวนเท่าไหร่เพื่อให้เหมาะสมกับแมว,แมวเป็นสัตว์รักความสันโดษ จึงควรมีชามน้ำชามอาหารเป็นของตัวเอง และควรมีกระบะทรายให้แมวขับถ่ายมากกว่าจำนวนแมวที่เลี้ยง
1798,สวัสดีภาษาเวียดนาม พูดว่าอย่างไร,ซิน จ่าว
1425,วิธีทำการทดลองการตกผลึกของสารส้มทำอย่างไร,"เอาสารส้มไปละลายน้ำ แล้วก็ทำอย่างใดอย่างหนึ่งในนี้
1. เอาน้ำสารส้มกรอกใส่โหล เอาเชือกเส้นหนึ่งมาผูกดินสอ แล้วเอาดินสอวางพาดปากโหล ให้เชือกห้อยลงไปในน้ำสารส้ม ทิ้งไว้นาน (มากๆ) แล้วสารส้มตกผลึกก็จะเกาะเชือกสวยงาม
2. ทำเหมือนข้อ 1 แต่ใช้จานแทน จะเกิดผลเร็วขึ้นเพราะน้ำระเหยเร็วขึ้น แต่ผลึกจะไม่ค่อยสวย
3. เอาน้ำสารส้มไปราดบนตัว (ไม่ต้องใช้เชือกพันดินสอ) สักพัก สารส้มจะตกผลึกเป็นเกล็ดๆ ทั่วตัว"
1210,HCN เป็นโมเลกุลมีขั้วหรือไม่,มีขั้วเพราะมันสามารถแตกตัวเป็นไอออนในน้ำได้ CN−
1837,ขอหลักการทำการบ้านแบบทีละขั้นตอนหน่อย,"1. หยิบการบ้านขึ้นไว้บนโต๊ะ
2. เปิดการบ้าน หาข้อที่น่าจะทำได้เร็วสุด แล้วลงมือทำ
3. ข้อที่ยากให้ข้าม แล้วทำทีหลังหลังจากทำข้อง่ายเสร็จทั้งหมด"
867,ดาวฤกษ์ที่ล้มเหลวเป็นชื่อเรียกของดาวอะไร,"ดาวแคระน้ำตาล (Brown dwarfs) สาเหตุที่ถูกเรียกว่า ""ดาวฤกษ์ที่ล้มเหลว"" เพราะมีมวลไม่มากพอที่จะเผาไฮโดรเจน"
134,มีประเทศใดบ้างที่พูดภาษาไทย,ประเทศที่ใช้ภาษาไทยเป็นภาษาราชการหลักคือประเทศไทย นอกจากนั้นประเทศอื่น ๆ อย่างเช่นประเทศลาว ประเทศกัมพูชา ประเทศพม่า และอื่น ๆ บางส่วนสามารถฟัง อ่าน เขียนภาษาไทยได้เป็นภาษาที่สอง
263,"""6"" อ่านว่าอะไร","""6"" อ่านว่า ""หก"""
1264,ระบบสุริยะ อยู่ในกาแลกซี่ใด,กาแลกซี่ทางช้างเผือก (Milky Way Galaxy)
889,เราสามารถได้ยินเสียงในอวกาศหรือไม่,ไม่ อวกาศไม่มีเสียง เพราะเสียงต้องการอากาศเป็นตัวกลางในการเคลื่อนที่ ซึ่งในอวกาศไม่มีอากาศจึงไม่มีเสียงในอวกาศ
2851,การวางสิ่งปลูกสร้างขวางฟุตบาททางเท้าผิดกฎหมายหรือไม่,ผิดกฎหมาย การขวางทางเดินหรือฟุตบาทข้างถนนที่เป็นที่ของสาธารณะแม้จะอยู่หน้าบ้านของตนเองก็ตาม เพราะทางเท้าคือสมบัติสาธารณะและมีไว้เพื่อการสัญจรของผู้คน
1431,ปรากฏกราณ์ธรรมชาติน้ำขึ้น น้ำลงมีลักษณะอย่างไร เกิดขึ้นได้อย่างไร ,"น้ำขึ้นน้ำลงมีลักษณะก็คือ น้ำขึ้น ก็คือระดับน้ำทะเลมันสูงขึ้น น้ำลงก็ตรงกันข้าม
เกิดขึ้นเพราะแรงดึงดูดจากดวงจันทร์ (แรงดึงดูดระหว่างมวล) แนวของโลกที่ตรงกับดวงจันทร์ก็จะเกิดน้ำขึ้น แนวของโลกที่ตั้งฉากกับดวงจันทร์ (อยู่ข้างๆ ไม่ได้หันไปโดน) ก็จะเกิดน้ำลง"
299,โมเดล transformer คืออะไร,โมเดล transformer คือ สถาปัตยกรรมการเรียรู้เชิงลึกรูปแบบหนึ่ง เป็น sequence-to-sequence และใช้ attention-mechanism
2011,ยุงทำให้เป็นไข้เลือดออกได้อย่างไร,ไข้เลือดออกเป็นโรคที่สามารถแพร่กระจายได้เพราะมียุงลายเป็นพาหะของโรค เวลายุงลายมาดูดเลือดจากมนุษย์ เชื้อโรคไข้เลือดออกจะแพร่กระจายจากยุงสู่ร่างกายของมนุษย์
2764,พรรคก้าวไกลผิดพลาดอย่างไรทำให้ไม่ได้จัดตั้งรัฐบาลชุดที่ 30,เพราะพรรคก้าวไกลไม่สามารถรวมเสียงสส. กับ สว. ในรัฐสภาได้มากเพียงพอ 376 เสียง แม้จะได้รับเสียงสนับสนุนจากพรรคร่วมจัดตั้งรัฐบาล 313 เสียงก็ตาม และมีเรื่องการแก้ไขกฏหมาย ม.112 ที่อยู่นอกจากข้อตกลงหรือ MOU ของพรรคร่วมจึงทำให้ขาดการสนับสนุนจาก สว. กับมีคดีฟ้องร้องกับพรรคก้าวไกล  ขณะเดียวกันนั้นหลายคนในพรรคก้าวไกลได้ออกมาสัมภาษณ์ว่าสามารถรวมเสียง สว. ได้เพียงพอแล้ว ซึ่งพอวันโหวตจริงไม่สามารถรวมเสียงได้ครบ สุดท้ายพรรคเพื่อไทยที่เป็นพรรคที่ได้จำนวนสส.อันดับสอง กลายเป็นพรรคที่จัดตั้งรัฐบาลได้สำเร็จ และ เรื่องพรรคก้าวไกลถูกกล่าวถึงว่ารวมเสียง สว. ครบแล้วยังคงเป็นที่พูดถึงมาจนถึงปัจจุบัน ซึ่ง ณ ขณะนั้น สว. ยังสามารถเลือกนายกรัฐมนตรีได้ตามบทเฉพาะกาลของรัฐธรรมนูญ
1723,ทำไมต้องส่งไฟฟ้ากระแสสลับใช่ตามบ้านเรือนแทนไฟฟ้ากระแสตรง,"1. ไดนาโมที่ผลิตกระแสไฟฟ้าสามารถปั่นไฟออกมาเป็นกระแสสลับเท่านั้น
2. กระแสสลับช่วยลดการสูญเสียพลังงานในระยะทางไกล"
430,ตายแล้ว หนี้!!! ตายตามหรือไม่?,"ไม่ได้ ตายแล้ว หนี้ก็ไม่ได้ตายตาม ต้องมีผู้ที่เกี่ยวข้องตามประมวลกฎหมายแพ่งและพาณิชย์ มาตรา 1600 เช่น ทายาท เป็นผู้รับผิดชอบ ทั้งนี้ เพื่อป้องกันการตายเพื่อหนีหนี้ *แต่ทายาทไม่ต้องรับผิดชอบเกินกว่าจำนวนมรดกที่ได้รับ
ตัวอย่าง หากเราก่อหนี้บัตรเครดิต 10 ล้านบาท จ่ายไม่ไหว…สุดท้ายฆ่าตัวตาย ธนาคารก็เสียเงินไปเปล่าๆ ถ้ามีคนทำแบบนี้สัก 10 คน ธนาคารก็เสียเงินไปแล้ว 100 ล้านบาท ซึ่งมันอาจจะทำให้ธนาคารและสถาบันการเงินล้มละลายได้เลย"
1487,อาร์เอ็นเอเป็นสิ่งมี่ชีวิตหรือไม่เพราะเหตุใด,ไม่เป็น อาร์เอ็นเอเป็นแค่สายพอลิเมอร์
1502,อวกาศมีได้อย่างไร,ตามทฤษฏีที่น่าเชื่อถือ และเป็นที่ยอมรับมากที่สุด คาดว่าเกิดจาก บิกแบง
2905,จงตัดคำด้วยเครื่องหมาย | ในข้อความต่อไปนี้: มีเหตุไฟไหม้ที่โรงงาน,ตัดคำด้วยเครื่องหมาย | ได้ดังนี้: มี|เหตุ|ไฟไหม้|ที่|โรงงาน
2315,การทำบันทึกรายรับรายจ่ายมีผลต่อการบริหารจัดการเงินอย่างไร,ช่วยให้เราสามารถเห็นรายการเงินได้กับรายจ่าย เพื่อช่วยให้ปรับพฤติกรรมการใช้เงินได้
2262,มะพร้าวเผาทำอย่างไร,ใช้การขุดหลุมแล้วนำเศษไม้หรือเปลือกมะพร้าวลองก้นหลุม นำลูกมะพร้าววางเรียง กลบทับด้วยเปลือกมะพร้าวใช้เวลาเผาประมาณ 1 ชั่วโมงก็ได้มะพร้าวเผา
1385,1 นิวตันเท่ากับกี่กิโลกรัม,ไม่สามารถแปลงโดยตรงได้ ต้องเข้าสูตร w = m·g ถ้าวัดบนผิวโลก แรง 1 นิวตันจะเท่ากับประมาณแรงที่กระทำโดยมวล 1 / 9.80665 = 0.101971621 กิโลกรัมตามแนวดิ่ง ถ้าไปวัดบนดาวดวงอื่น แรงและมวลก็จะต่างกับโลก
1364,"อยากถามว่าสูตรที่ใช้แก้โจทย์แบบนี้มันทำยังไง

1+......+100

และก็พวกที่

1+3+5+...+95+97+99

ช่วยบอกหน่อยว่าทำยังไง","1. จับคู่พจน์แรกกับพจน์สุดท้ายบวกกัน ถัดมาจับคู่พจน์ที่สองกับพจน์ก่อนสุดท้าย เช่น (1+100)+(2+99)+...
2. จากนั้นก็คำนวณว่ามีกี่คู่ กรณีนี้มี 100/2 = 50 คู่
3. คูณผลบวกในข้อ 1 กับ จำนวนคู่ในข้อ 2 50*101 = 5,050"
1298,การเลี้ยงสัตว์ในเอเชียตะวันออกเฉียงใต้เลี้ยงไว้เพื่ออะไร,การเลี้ยงสัตว์มีหลายจุดประสงค์ เช่นเลี้ยงไว้ดูเล่น เลี้ยงไว้ใช้แรงงาน เลี้ยงไว้ใช้เป็นอาหาร หรือเลี้ยงไว้เพื่อกิจกรรมพิเศษ
1867,จงหาคำที่มีความหมายตรงข้ามกับคำต่อไปนี้: เปิด,ปิด
929,ช่วยวางแผนเที่ยวภูเก็ตให้หน่อย,คุณสามารถนั่งเครื่องบินจากสนามบินไปลงที่สนามบินภูเก็ตได้ หรือ เดินทางโดยรถโดยสาร หรือขับรถยนต์ส่วนตัว จากนั้นขึ้นรถสายเดินทางรอบภูเก็ต เที่ยวป่าตองหรือเที่ยวชายหาดในภูเก็ต แนะนำให้ท่านศึกษาฤดูกาลที่จะท่องเที่ยว ควรเลือกช่วงเวลาที่สภาพอากาศดี เพื่อให้เหมาะกับการท่องเที่ยวของคุณ และจองโรงแรม ศึกษาการเดินทาง และสถานที่ท่องเที่ยงที่คุณสนใจ
368,เทน้ำมันหรือสิ่งปฏิกูลลงท่อระบายน้ำผิดกฎหมายอย่างไร,"ผู้ที่เทน้ำมันหรือสิ่งปฏิกูลลงท่อระบายน้ำ จะมีความผิดตามพระราชบัญญัติรักษาความสะอาดและความเป็นระเบียบเรียบร้อยของบ้านเมือง พ.ศ. 2535 มาตรา 33 วรรคหนึ่ง และมาตรา 57 ที่กำหนดว่า ห้ามมิให้ผู้ใดเทหรือทิ้งสิ่งปฏิกูลมูลฝอย น้ำโสโครก หรือสิ่งอื่นใดลงบนถนนหรือในทางน้ำ หากผู้ใดฝ่าฝืนหรือไม่ปฏิบัติตามมาตรา 33 วรรคหนึ่ง ต้องระวางโทษปรับไม่เกิน 10,000 บาท ในกรณีที่มีผู้แจ้งเบาะแสเมื่อพบเห็นผู้กระทำผิด จะได้รับเงินส่วนแบ่งรางวัลนำจับครึ่งหนึ่งของค่าปรับ"
1788,ฟังชั้นคีย์บอร์ดตั้งแต่ F1 - F12 มีความหมายว่าอย่างไร,F บนปุ่มย่อมาจาก function ในคอมพิวเตอร์สมัยก่อนใช้เป็นคีย์ลัดเพื่อบรรจุคำสั่งการทำงานที่ซ้ำ ๆ กัน (บันทึกลงไปได้เอง) ซึ่งมีมากกว่า 12 ปุ่มเสียอีก ปัจจุบันไม่ค่อยเหลือความสำคัญเท่าไร จะมีก็แต่การทำงานที่ถูกกำหนดขึ้นโดยระบบปฏิบัติการ เช่น ในวินโดวส์ F1 ใช้แทนการขอความช่วยเหลือ (เปิดคู่มือ) F2 ใช้แทนการเปลี่ยนชื่อไฟล์ F5 ใช้แทนการโหลดหน้าจอใหม่ เป็นต้น และผู้ใช้ทั่วไปเปลี่ยนเองไม่ได้ ต้องเปลี่ยนโดยการเขียนโปรแกรมขึ้นมาทับการทำงานเดิม
3128,ช่วยคิดข้อความจดหมายส่งหาอาจารย์ เรื่อง เชิญมาร่วมงานแต่งงานให้หน่อย,"เรียนอาจารย์ [ชื่อ-นามสกุล]

กระผม/ดิฉัน [ชื่อนามสกุลของคุณ] ขอเชิญอาจารย์มาร่วมงานแต่งงานระหว่าง [ชื่อนามสกุลคนแต่ง เจ้าบ่าว] กับ  [ชื่อนามสกุลคนแต่ง เจ้าสาว] ในวันที่ [วันที่ เดือน ปี] ตั้งแต่เวลา [เวลาเริ่มจัดงาน] ถึงเวลา [เวลาเลิกงาน] ณ [สถานที่จัดงาน] โดยกระผม/ดิฉัน ได้แนบกำหนดการงานดังกล่าวในจดหมายนี้

ด้วยความเคารพ
[ชื่อนามสกุลของคุณ]"
3000,"จงตอบคำถามต่อไปนี้เป็นภาษาอังกฤษเท่านั้น:
ข้าวหอมมะลิไทยมาถิ่นกำเนิดจากไหน",Thai jasmine rice originates from Thailand.
1080,ขอคำพูดปลอบใจเพื่อที่สอบเข้ามหาวิทยาลัยไม่ติดหน่อย,สอบไม่ผ่านมันเป็นเรื่องธรรมดา ไม่มีใครอยากสอบตกหรอก สู้ๆนะ!
594,ควรอาบน้ำสุนัขสัปดาห์ละกี่ครั้ง ,ในสุนัขที่มีสภาพผิวหนังและขนปกติแนะนำให้อาบน้ำสัปดาห์ละ 1-2 ครั้ง และเป่าขนให้แห้งสนิท การอาบน้ำที่บ่อยเกินไปอาจไปชะล้างความชุ่มชื้นที่ผิวหนังทำให้เกิดผิวแห้ง และเป็นโรคผิวหนังตามมาได้ หากสุนัขเป็นโรคผิวหนัง เช่น การติดเชื้อแบคทีเรีย เชื้อรา ควรใช้แชมพูยาตามที่สัตวแพทย์แนะนำ ซึ่งอาจจะต้องอาบน้ำบ่อยกว่าสุนัขทั่วไป
969,วางแผนขึ้นภูกระดึงให้หน่อย 1 คืน 2 วัน,"แผนการท่องเที่ยวขึ้นภูกระดึง จำนวน 2 วัน
วันที่ 1 ขึ้นเขา ไหว้พระพุทธเมตตา-ชมพระอาทิตย์ตกที่ผาหมากดูก
วันที่ 2 ชมพระอาทิตย์ขึ้นที่ผานกแอ่น ไหว้พระแก้ว ลงเขา"
1538,เฉาฉุยแปลว่าอะไร,เป็นภาษาจีนแต้จิ๋ว แปลว่าปากเสีย (เฉา=เหม็นเน่า)
2323,เกิดอะไรขึ้นกับตั๊กแตนปาทังก้าที่เคยระบาดในประเทศไทย,จากการระบาดตั๊กแตนปาทังก้าเมื่อปี พ.ศ.2525 - พ.ศ.2530 สร้างความเสียดายให้กับพื้นที่การเกษตรของไทย คนไทยจึงจับตั๊กแตนปาทังก้านำไปขายกับบริโภคเป็นอาหารว่างหรือกับแกล้มรสโอชะ โปรตีนสูงกับน้ำพริกและซอส นอกจากนั้น ชาวบ้านพากันไปขุดเอาไข่หรือตัวอ่อนตั๊กแตนกับไข่ตั๊กแตนที่ฝังอยู่ใต้ดินมาขายต่อ ซึ่งได้ราคาสูงกว่ามาก ด้วยเหตุเหล่านี้ทำให้ตั๊กแตนปาทังก้าหยุดการระบาดในประเทศไทยและหายไปจากประเทศไทย แต่คนไทยบางส่วนยังนำเข้าตั๊กแตนปาทังก้าจากเพื่อนบ้าน เพื่อมาบริโภคกันอยู่ในปัจจุบัน
2887,แปลงเลข 2566 เป็นเลขไทยให้หน่อย,แปลงเลข 2566 เป็นเลขไทยได้เป็น ๒๕๖๖
354,จับปลาในเขตอุทยานแห่งชาติ มีความผิดตามกฎหมายอย่างไรบ้าง,"การตกปลาหรือการล่าสัตว์ในเขตอุทยานแห่งชาติ มีความผิดตามพระราชบัญญัติอุทยานแห่งชาติ พ.ศ. 2562 มาตรา 19 (3) ประกอบ มาตรา 43 ถือว่าเป็นการนำสัตว์ป่าออกไปหรือกระทำให้เป็นอันตรายแก่สัตว์ป่าด้วยประการใด ๆ ต้องระวางโทษจำคุกไม่เกิน 5 ปี หรือปรับไม่เกิน 500,000 บาท หรือทั้งจำทั้งปรับ"
174,อาหารที่ดีที่สุดที่ควรกินเพื่อช่วยลดความดันโลหิตคืออะไร?,อาหารที่ดีที่สุดในการลดความดันโลหิต ได้แก่ ผักใบเขียว ปลาที่มีไขมัน ถั่วและเมล็ดพืช ผลไม้และผลเบอร์รี่ พืชตระกูลถั่ว และเมล็ดธัญพืช นอกจากนี้ การรับประทานอาหารที่อุดมด้วยโพแทสเซียม แคลเซียม แมกนีเซียม และไฟเบอร์สามารถช่วยลดระดับความดันโลหิตได้
1402,เส้นละติจูด ลองติจูดคืออะไร,"ละติจูดและลองติจูดคือเส้นสมมติที่ลากขึ้นมา ละติจูดคือเส้นที่ลากเป็นวงกลม (เส้นแนวนอนบนหนังสือ) ลองติจูดคือเสันเบ่งที่ลากตามแนวเหนือใต้

มีจุดประสงค์ที่จะใช้ในการ
1. ใช้กำหนดตำแหน่งทางภูมิศาสตร์
2. ใช้ละติจูดในการแบ่งเขตสภาวะอากาศ
3. ใช้ลองติจูดในการกำหนดเขตเวลา"
506,มีวิธีแยกต้นอินทนิลกับเสลาและตะแบกอย่างไร,"คุณสามารถแยกต้นอินทนิลกับเสลาและตะแบกได้ดังนี้
- อินทนิลจะออกดอกเป็นช่อตรงปลายยอดกิ่ง และมีใบเขียวเต็มต้น
- เสลาส่วนมากจะทิ้งใบเกือบหมดต้น แล้วออกดอกตามกิ่งทั่วทั้งต้น
- ตะแบกจะออกดอกช่วงปลายฤดูฝนกันยายน-ตุลาคม ไม่ออกดอกปนกับใคร สามารถแยกจากการออกดอกได้"
2822,วาทกรรมคืออะไร,"วาทกรรม คือ ชุดความคิดที่ถูกสร้างขึ้นและเพื่อให้สังคมเชื่อ ตัวอย่างเช่น ""มีลุงไม่มีเรา"" จากพรรคการเมืองพรรคหนึ่งที่ใช้ในการหาเสียงเพื่อเรียกคะแนนและสร้างภาพให้กับพรรคการเมืองของตัวเอง เป็นต้น"
1556,สายการบินนานาชาติญี่ปุ่นคือสายการบินอะไร,"เจแปนแอร์ไลน์, ออลนิปปอนแอร์เวย์ ฯลฯ"
1697,ประโยคที่ว่า ประเทศไทยสวยงามมาก ให้แปลเป็นตัวอักษรจีน ได้ว่าอะไร,泰国是很美丽的。
572,กระต่ายควรกินอาหารอะไร,กระต่ายควรให้กินหญ้าเป็นอาหารหลักคิดเป็น 80% ของอาหารทั้งหมด ส่วนอาหารเม็ด ผักสด สามารถให้ได้ในปริมาณที่จำกัดคิดเป็น 20% ของอาหารทั้งหมด และเมื่อกระต่ายอายุ 8 เดือนขึ้นไป ควรลดหญ้าแห้ง alfafa ลงเพราะจะได้รับแคลเซียมปริมาณเกินกว่าที่ร่างกายต้องการ
1572,โรงเรียนหลวงแห่งแรกของประเทศไทยคืออะไร,โรงเรียนพระตำหนักสวนกุหลาบ อยู่ในพระบรมมหาราชวังตั้งในสมัยรัชกาลที่ 5 แต่ต่อมาสถานที่ไม่พอรองรับนักเรียน จึงย้ายสถานที่ออกไป และเปลี่ยนชื่อโรงเรียนสวนกุหลาบวิทยาลัย
1071,ขอเรียงความเรื่องความฝันของเด็กไทย,ความฝันของเด็กไทย เด็กไทยมีฝัน พวกเขาฝันถึงอนาคตที่ดีกว่า อนาคตของครอบครัวที่มั่นคง สังคมที่เข้มแข็ง เศรษฐกิจที่แข็งแกร่ง การศึกษาที่ดีขึ้น สุขภาพที่แข็งแรง สิ่งแวดล้อมที่สวยงาม สันติภาพ และความยุติธรรม. ประเทศไทยเป็นประเทศที่อุดมสมบูรณ์ เรามีทรัพยากรธรรมชาติมากมาย เราสามารถสร้างอนาคตของเราเองได้ เราต้องรวมกันและสร้างฝันของเราให้เป็นจริง
3007,"จงตอบคำถามต่อไปนี้เป็นภาษาอังกฤษเท่านั้น:
ใครเป็นนายกรัฐมนตรีประเทศไทยคนที่ 29",Prayut Chan-o-cha is a Thai retired politician and army officer who became the 29th Prime Minister of Thailand.
387,การนำสัตว์เลี้ยงมาปล่อยทิ้งไว้ที่วัดมีความผิดตามกฎหมายอย่างไร,"เข้าข่ายผิดกฎหมายตามพระราชบัญญัติป้องกันการทารุณกรรมและการจัดสวัสดิภาพสัตว์ พ.ศ. 2557 มาตรา 23 ที่กำหนดห้ามมิให้เจ้าของสัตว์ปล่อย ละทิ้ง หรือกระทำการใดๆให้สัตว์พ้นจากการดูแลของตนโดยไม่มีเหตุอันสมควร หากฝ่าฝืนต้องระวางโทษปรับไม่เกิน 40,000 บาท ตามาตรา 32 แห่งพระราชบัญญัติดังกล่าว"
1991,ภาษาไทยตัดคำไม่ได้จริงไหม,ไม่จริง ภาษาไทยสามารถตัดคำได้ โดยใช้เทคนิคต่าง ๆ ที่มีอย่างมากมายในปัจจุบัน เช่น ใช้พจนานุกรมคำศัพท์ เพื่อช่วยในการตัดคำ หรือ โครงข่ายประสาทเทียมก็สามารถตัดคำภาษาไทยได้เช่นกัน เป็นต้น
2930,"ยกตัวอย่างประโยคที่ใช้ ""นะค่ะ"" ที่ถูกต้องตามหลักภาษาไทยมาหนึ่งประโยค",ดิฉัน เป็นคนมีฐานะค่ะ
1446,ส่วนของแอปเปิ้ลที่ใช้บริโภคคือส่วนใดของดอก,ผลไม้ทุกชนิดเจริญจากรังไข่ของดอกไม้ เว้นแต่พืชนั้นจะไม่ใช่พืชดอก ดังนั้น ส่วนของแอปเปิ้ลที่ใช้บริโภคคือส่วนที่เจริญจากรังไข่ของดอกแอปเปิ้ลจากต้นแอปเปิ้ล
2838,ถ้าอยากปล่อยปลาไหลควรปล่อยที่ไหน,ควรปล่อยลงในแม่น้ำ ห้วยหนอง คลองบึง ท้องนา หรือร่องสวน บริเวณที่มีดินเฉอะแฉะ และกระแสน้ำไหลไม่แรงมาก
184,ทำไมน้ำแข็งบนชาเย็นของฉันถึงกลายเป็นสีขาว?,ก้อนน้ำแข็งทำจากน้ำ และจะเปลี่ยนเป็นสีขาวเมื่อแข็งตัว สีของน้ำแข็งขึ้นอยู่กับสิ่งเจือปนในน้ำ ดังนั้นหากคุณมีแร่ธาตุหรือสารอื่น ๆ ในน้ำมาก น้ำแข็งก็อาจจะเปลี่ยนเป็นสีขาวได้
254,มีพิซซ่า 10 ถาด ต้องการแบ่งให้ 5 คน ต้องแบ่งให้คนละกี่ถาด,เดิมมีพิซซ่า 10 ถาด คน 5 คน สามารถแบ่งเฉลี่ยให้ครบทุกคนได้ 10÷5=2 คำตอบคือ 2 ถาด
507,การเจลเบรกมือถือมีข้อเสียอย่างไรบ้าง,"ข้อเสียของการเจลเบรกมือถือมีดังต่อไปนี้
- เพิ่มความเสี่ยงด้านความปลอดภัย: การเจลเบรกเป็นการเพิ่มช่องโหว่ด้านความปลอดภัยให้กับมือถือของคุณ เพราะเป็นการเจาะระบบของมือถือของคุณ สร้างความเสี่ยงที่มือถือของคุณอาจถูกขโมยข้อมูลได้
- ประกันมือถือหมดอายุ: การเจลเบรกทำให้การรับประกันมือถือของคุณขาดหรือหมดอายุทันทีตามเงื่อนไขของการรับประกันมือถือ
- ถูกบล็อกจากการใช้งานแอพต่างๆ: ธนาคารและผู้ผลิตแอพส่วนใหญ่ได้บล็อการใช้งานแอพของตนในเครื่องที่ถูกเจลเบรก เพื่อป้องกันการเจาะระบบของแอพที่อาจสร้างความเสียหายให้กับข้อมูลผู้ใช้งานของเครื่องและของคนอื่น"
442,หากหญิงที่ทำให้ตนเองแท้งลูกหรือยอมให้ผู้อื่นทำให้ตนแท้งลูกขณะมีอายุครรภ์เกิน 12 สัปดาห์ ผิดกฎหมายหรือไม่อย่างไร,"ผิดกฎหมาย จำคุกไม่เกิน 6 เดือน หรือปรับไม่เกิน 10,000 บาท หรือทั้งจำทั้งปรับ ตามประมวลกฎหมายอาญา : มาตรา 301 หญิงใดทำให้ตนเองแท้งลูกหรือยอมให้ผู้อื่นทำให้ตนแท้งลูก ขณะมีอายุครรภ์เกินสิบสองสัปดาห์ ต้องระวางโทษจำคุกไม่เกินหกเดือน หรือปรับไม่เกินหนึ่งหมื่นบาท หรือทั้งจำทั้งปรับ"
945,เกมสารไทยมีจุดเด่นอย่างไร,เป็นเกมที่แสดงถึงเอกลักษณ์และลักษณะของความเป็นไทยได้เป็นอย่างดี
1730,1มิลลิลิตร = กี่cc,หนึ่งมิลลิลิตร เท่ากับ หนึ่งลูกบาศก์เซนติเมตร
809,มนุษย์มีโครโมโซมกี่คู่,มนุษย์มีโครโมโซม 23 คู่
314,การรีไฟแนนซ์คืออะไร,การรีไฟแนนซ์ คือ การเปลี่ยนเจ้าหนี้ โดยเป็นกระบวนการปิดหนี้ที่มีอยู่ทั้งหมดด้วยเงินกู้จากเจ้าหนี้ใหม่ โดยมีเป้าหมายเพื่อให้เงินกู้ใหม่มีเงื่อนไขที่ดีกว่ารายการหนี้เดิม
631,ช้างที่โตเต็มวัยมีน้ำหนักมากที่สุดกี่กิโลกรัม,ช้างเอเชียตัวเล็กสามารถมีน้ำหนักได้ระหว่าง 2.3 ถึง 5 ตัน ขณะที่ช้างแอฟริกันที่ใหญ่กว่าเล็กน้อยสามารถมีน้ำหนักได้มากถึง 6 ตัน
1206,ภาษาไทยจัดอยู่ในตระกูลภาษาใด,ภาษาไทยเป็นภาษาในกลุ่มภาษาไต ซึ่งเป็นกลุ่มย่อยของตระกูลภาษาไท-กะได สันนิษฐานว่า ภาษาในตระกูลนี้มีถิ่นกำเนิดจากทางตอนใต้ของประเทศจีน และนักภาษาศาสตร์บางท่านเสนอว่า ภาษาไทยน่าจะมีความเชื่อมโยงกับ ตระกูลภาษาออสโตร-เอเชียติก ตระกูลภาษาออสโตรนีเซียน ตระกูลภาษาจีน-ทิเบต
44,หญิงข้ามเพศควรแข่งกีฬาในรายการเดียวกับเพศหญิงโดยกำเนิดหรือไม่,ขึ้นอยู่กับมุมมองของคุณ ตามหลักวิทยาศาสตร์ หญิงข้ามเพศ (Transgender woman) อาจได้เปรียบเพศหญิงโดยกำเนิดหลายอย่าง หากเป็นกีฬาที่มีสรีระร่างกายเข้ามาเกี่ยวข้องด้วย
2415,ทำไม Windows 8 ถึงใช้งานยากและแตกต่างจาก Windows รุ่นอื่น ๆ,Windows 8 เป็นระบบปฏิบัติการที่ทางไมโครซอฟท์ต้องการเน้นการทำงานไปที่ระบบจอสัมผัสเป็นจุดเด่นมากกว่าใช้งานบนคอมพิวเตอร์ตั้งโต๊ะแบบเดิม ๆ และเน้นอุปกรณ์ที่ผสมระหว่างคอมพิวเตอร์ตั้งโต๊ะกับจอสัมผัส พร้อมทั้งยังออกแบบส่วนติดต่อผู้ใช้งานใหม่ เพื่อที่จะแข่งขังกับไอเพดจากแอปเปิ้ล จึงทำให้ Windows 8 ใช้งานยากและไม่เหมาะกับคอมพิวเตอร์ตั้งโต๊ะที่ไม่มีจอสัมผัส
596,อาหารมีผลกับผิวหนังสุนัขหรือไม่,มีผล เนื่องจากผิวหนังและเส้นขนของสุนัขก็ต้องการวิตามิน แร่ธาตุต่างๆ เป็นองค์ประกอบทำให้ขนและผิวหนังเงางาม การเลี้ยงสุนัขด้วยอาหารที่ไม่มีคุณภาพ หรือขาดความสมดุลขององค์ประกอบ สามารถทำให้ผิวหนังแห้ง ขาดความขุ่มชื้น ขนร่วง มีสะเก็ดตามตัว เป็นต้น   ในอีกกรณีคือ สัตว์ที่เป็นโรคภูมิแพ้อาหาร โรคนี้จะทำให้เกิดอาการคัน ผิวหนังแดง ส่วนมากมักจะแพ้โปรตีนที่มาจากสัตว์ การแก้ไขคือเปลี่ยนเป็นอาหารสำหรับโรคภูมิแพ้
139,จำแนกสิ่งต่อไปนี้ตามทวีปหรือมหาสมุทร: เอเชีย แอฟริกา อเมริกาเหนือ แอตแลนติก แปซิฟิก อินเดีย อาร์กติก อเมริกาใต้ แอนตาร์กติกา ยุโรป ออสเตรเลีย,"ทวีป - เอเชีย แอฟริกา อเมริกาเหนือ อเมริกาใต้ แอนตาร์กติกา ยุโรป และออสเตรเลีย
มหาสมุทร - แอตแลนติก แปซิฟิก อินเดีย และอาร์กติก"
1151,ทำไมสิ่งมีชีวิตต่าง ๆ จึงไม่สามารถสังเคราะห์ด้วยแสงได้เช่นเดียวกับพืช,สิ่งมีชีวิตต่าง ๆ ที่คุณพูดถึง คงหมายถึงสัตว์ ธรรมชาติสร้างสัตว์มาให้กินพืช และกินสัตว์ด้วยกัน ได้รับพลังงานจากการกิน จึงไม่จำเป็นต้องสังเคราะห์ด้วยแสง แต่ในขณะเดียวกันแบคทีเรียบางชนิด (แบคทีเรียไม่ใช่สัตว์) สามารถสังเคราะห์ด้วยแสงได้ เพราะมันไม่สามารถไปกินพืช
2522,ผู้ก่อตั้งมหาวิทยาลัยขอนแก่นคือใคร,ผู้ก่อตั้งมหาวิทยาลัยขอนแก่น คือ จอมพล สฤษดิ์ ธนะรัชต์ นายกรัฐมนตรี ณ ขณะนั้นได้เริ่มแนวคิดจัดตั้งสถาบันการศึกษาชั้นสูง ด้านวิศวกรรมศาสตร์ และเกษตรศาสตร์ ขึ้นที่จังหวัดขอนแก่น
2325,ปลาบึกใกล้สูญพันธุ์เพราะด้วยเหตุใด,เพราะการสร้างเขื่อนกั้นแม่น้ำและระเบิดเกาะแก่งแม่น้ำโขงส่งผลกระทบต่อระบบนิเวศแม่น้ำโขงตอนกลางและตอนปลาย ระดับน้ำไม่สม่ำเสมอ นอกจากนั้นยังมีปัญหาการจับปลาบึกในช่วงฤดูวางไข่
2719,เรือโป๊ะใช้ขนส่งอะไร,เรือโป๊ะเป็นเรือที่สามารถใช้ขนส่งสินค้าได้หลากหลายประเภท โดยเฉพาะ สินค้าประเภท เทกอง เช่น น้ำตาล ถ่านหิน เป็นต้น
2594,พ่อมดแกนดัล์ฟ เป็นตัวละครที่อยู่ในนิยายใด,นิยายเดอะลอร์ดออฟเดอะริงส์  กับ นิยายเดอะ ฮอบบิท
1940,สงครามอะไรที่มนุษย์พ่ายแพ้ให้กับสัตว์,สงครามนกอีมู (Emu War) เป็นสงครามที่มนุษย์ได้พ่ายแพ้ให้กับสัตว์ ระหว่างมนุษย์กับนกอีมู เกิดขึ้นที่ประเทศออสเตรเลียในช่วงปลายปีค.ศ. 1932 เนื่องจากต้องการลดจำนวนประชากรของนกอีมู โดยใช้กำลังทหารของกองทัพออสเตรเลีย สุดท้าย ทางกองทัพได้ประกาศพ่ายแพ้ให้กับนกอีมู ถือเป็นหนึ่งในสงครามสุดอัปยศของมวลมนุษยชาติ
414,เห็นคนจมน้ำ แต่กลับนิ่งเฉยหรือไม่พยายามช่วย มีความผิดตามกฎหมายอย่างไร,"หากมีหน้าที่รับผิดชอบโดยตรง เช่นเจ้าหน้าที่ช่วยชีวิตประจำสระน้ำเห็นคนจมน้ำในสระที่ตัวเองดูแล แต่กลับนิ่งเฉยหรือไม่พยายามช่วยก็อาจเป็นความผิดเนื่องจาก “งดเว้น” การกระทำ ซึ่งเป็นเจ้าหน้าที่ที่มีหน้าที่ป้องกันเหตุร้ายโดยตรง
แต่ถ้าบุคคลนั้นไม่มีความเกี่ยวข้องโดยตรง สามารถเข้าไปช่วยได้ แต่ก็ไม่ช่วย ซึ่งหากไม่ยอมเข้าไปช่วยก็อาจเป็นความผิดอาญาได้เช่นกันเนื่องจาก “ละเว้น” การกระทำ อย่างไรก็ดีการ “ละเว้น” หน้าที่พลเมืองดีในลักษณะนี้เป็นความผิดที่มีโทษสถานเบา (ลหุโทษ)
ประมวลกฎหมายอาญา มาตรา 374 ผู้ใดเห็นผู้อื่นตกอยู่ในภยันตรายแห่งชีวิตซึ่งตนอาจช่วยได้โดยไม่ควรกลัวอันตรายแก่ตนเองหรือผู้อื่นแต่ไม่ช่วยตามความจำเป็น ต้องระวางโทษจำคุกไม่เกินหนึ่งเดือน หรือปรับไม่เกินหนึ่งหมื่นบาท หรือทั้งจำ ทั้งปรับ
ประมวลกฎหมายอาญา มาตรา 59 วรรคห้า การกระทำ ให้หมายความรวมถึง การให้เกิดผลอันหนึ่งอันใดขึ้นโดยงดเว้นการที่จักต้องกระทำเพื่อป้องกันผลนั้นด้วย"
2252,กังหันลมที่นาเกลือใช้ทำอะไร,กังหันลมที่นาเกลือใช้ในการผันน้ำเข้านาโดยไม่ต้องพึ่งพาน้ำมันเครื่อง แต่ปัจจุบันไม่นิยมใช้งานกันแล้วเนื่องจากกระแสลมเปลี่ยนไป จึงหันมาใช้เครื่องสูบน้ำแทน
705,สร้างบทสนทนาสั้นๆ ระหว่างพนักงานขายกับลูกค้าที่กำลังเลือกซื้อโทรศัพท์มือถือ,"พนักงานขาย: สนใจรุ่นอะไรสอบถามได้นะครับ
ลูกค้า: กำลังเลือกสองรุ่นนี้อยู่ไม่แน่ใจว่าจะเลือกรุ่นอะไรดี
พนักงานขาย: สองรุ่นนี้สเปคเหมือนกันแต่ต่างกันที่การออกแบบกับราคา
ลูกค้า: นั่นเอารุ่นทางขวาแล้วกัน
พนักงานขาย: เชิญลูกค้าที่เคาน์เตอร์นะครับ"
2862,เวียงหนองหล่มมีความสำคัญอย่างไร,"ความสำคัญของเวียงหนองหล่ม คือ เป็นพื้นที่สำคัญทางประวัติศาสตร์ เชื่อมโยงเข้ากับตำนานกำเนิดและล่มสลายของ ชุมชนโบราณที่เรียกว่า ""เมืองโยนกนครพันธ์สิงหนวตินคร"" หรือ ""เวียงหนองล่ม"" สันนิษฐานกันว่าอยู่ระหว่างยุคหินใหม่ ถึงไม่เกินพุทธศตวรรษที่ ๑๙ นอกจากนั้น ปัจจุบันเวียงหนองหล่มเป็นพื้นที่สาธารณะที่มีลักษณะเป็นแอ่งรับน้ำ หรือพื้นที่ชุ่มน้ำขนาดใหญ่ที่สุดของอำเภอแม่จัน และจังหวัดเชียงราย"
3187,"เขียนบทความตามข้อมูลต่อไปนี้:
แมวเป็นสัตว์เอาแต่ใจ แต่พยายามปรับตัวเข้าหามนุษย์",แมวเอ๋ยแมวเหมียว เหล่าผู้เลี้ยงแมวคงรู้ว่า แมวเป็นสัตว์เอาแต่ใจ ไม่ว่าจะซื้อของเล่น ของกินมาแค่ไหนก็เอาใจยาก เรียกบางทีก็ไม่มา ไม่หัน ไม่เล่นด้วย แต่คุณรู้ไหมว่าจริง ๆ แมวพยายามปรับตัวเข้าหามนุษย์หรือคนอย่างพวกเราอยู่ตลอด ทั้งการวิวัฒนาการเข้ามาอยู่ร่วมกับมนุษย์ และ แมวจากแมวป่ากลายเป็นแมวบ้านในปัจจุบัน แม้จะรู้อิสระ เอาแต่ใจ แต่ขอให้พยายามมองแมวในมุมมองนี้ด้วยและพยายามให้พื้นที่ให้แมวปรับตัวเข้าหาคุณอยู่เรื่อย ๆ เพียงเท่านี้แมวของคุณจะน่ารักมากขึ้นหรือคุณมองเห็นความน่ารักของแมวของคุณมากขึ้นเอง
1718,ทำไมมนุษย์จึงไม่บัญญัติภาษาโลกขึ้นมา เนื่องจากในโลกมีหลายภาษา ในแต่ละประเทศก็มีภาษาของตน การจะติดต่อสื่อสารต้องใช้ภาษาอังกฤษ จีน เป็นส่วนใหญ่ การจะศึกษาให้ครบทุกภาษานั้นเป็นการยาก น่าจะใช้ ภาษาโลกในการติดต่อสื่อสารระหว่างประเทศ แล้วก็จัดตั้งธนบัตรโลกด้วยปัญหาด้านการเงินจะได้ลดลง,ปกติเรามีภาษาอังกฤษเป็นภาษาสากลอยู่แล้ว ใช้คุยได้ทุกประเทศ อาจนับได้ว่านั่นคือภาษาโลกก็ได้ English as global language แต่ยังมีภาษา ไอโอ หรือเอสเปอแรนโต ที่มนุษย์สร้างขึ้นให้เป็นภาษาโลกแต่ไม่ดีเท่าที่ควร
2442,จังหวัดใดในประเทศไทยที่ไม่มีพื้นที่ป่าไม้เหลืออยู่แล้ว,จังหวัดในประเทศไทยที่ไม่มีป่าไม้เหลืออยู่แล้ว คือ จังหวัดนนทบุรี จังหวัดปทุมธานี และ จังหวัดอ่างทอง จากการสำรวจโดยกรมป่าไม้เมื่อปี พ.ศ.2565 จากคำนิยม ป่าไม้ จากกรมป่าไม้คือ พื้นที่ปกคลุมของพืชพรรณที่สามารถจำแนกได้ว่ามีไีม้ยืนต้นปกคลุม เป็นผืนต่อเนื่อง ไม่น้อยกว่า 3.125 ไร่ (0.5 เฮกตาร์) ดังนั้นสามจังหวัดจึงไม่เหลือพื้นที่ป่าไม้แล้ว
887,การแผ่รังสีฮอว์คิงเกิดขึ้นได้อย่างไร,"การแผ่รังสีฮอว์คิง (Hawking radiation) เกิดขึ้นจากการสูญเสียพลังงานในรูปอนุภาคของแสงหรือโฟตอน (photon)
อธิบายเพิ่มเติม ในอวกาศ พื้นที่ว่างเปล่าจริง ๆ แล้วไม่ได้ว่างเปล่า มีอนุภาคกับปฏิอนุภาคเกิดขึ้นและหักล้างกันตลอดเวลา แต่สำหรับหลุมดำ อนุภาคกับปฏิอนุภาคเสมือนตัวหนึ่งจะหลุดเข้าไปในหลุมดำและอีกอนุภาคหนึ่งจะหนีออกจากหลุมดำบริเวณขอบฟ้าเหตุการณ์ของหลุมดำ ทำให้หลุมดำสญเสียมวลไปแบบช้า ๆ"
2743,จิ้งหรีดร้องเวลาไหน,จิ้งหรีดร้องเวลากลางคืน เพราะตอนกลางคืนเป็นช่วงเวลาที่ปลอดภัยสำหรับจิ้งหรีดจากนักล่าตามธรรมชาติ
693,"จากข้อความต่อไปให้ตอบคำถามด้วย ใช่/ไม่
ข้อความ: ส้มตำเป็นอาหารไทย แม้จะมีต้นฉบับมาจากสลัดมะละปอจากต่างประเทศ แต่คนไทยพัฒนาจนต่างจากเดิมมาก และส้มตำไทยเป็นต้นฉบับในภูมิภาคนี้ไม่เหมือนตำอื่น ๆ ในประเทศเพื่อนบ้านอย่างลาว พม่า กัมพูชา ที่ต่างรับส้มตำจากไทยไปปรับปรุง
คำถาม: ส้มตำเป็นของลาวใช่หรือไม่",ไม่
2624,บางกอกคือที่ไหน,บางกอก คือ กรุงเทพมหานครใรปัจจุบัน โดยคำว่า บางกอก เป็นชื่อเก่าของกรุงเทพมหานคร
2019,ความรัก คืออะไร,ความรัก คือความรู้สึก สภาพและเจตคติต่าง ๆ ซึ่งมีตั้งแต่ความชอบระหว่างบุคคลหมายถึงอารมณ์การดึงดูดและความผูกพันส่วนบุคคลอย่างแรงกล้า
2464,รถตุ๊กตุ๊กไทยมีสีอะไรบ้าง,รถตุ๊กตุ๊กไทยมีทั้งสีฟ้า สีเหลือง สีเขียว และสีชมพู คอยให้บริการคนไทยและนักท่องเที่ยว
2928,"จงยกคำพ้องความหมายของคำว่า ""ต้นไม้"" มา 1 คำ",พฤกษา
2210,ปรากฏการณ์ผีตากผ้าอ้อมในตอนเย็นเกิดขึ้นได้อย่างไร,เมื่อแสงจากดวงอาทิตย์ที่ยังกระจายอยู่ในชั้นบรรยากาศชั้นบน ได้ส่องมายังชั้นบรรยากาศชั้นล่างและพื้นผิวโลก ทำให้ขณะนั้นเห็นท้องฟ้าบริเวณใกล้กับขอบฟ้าเป็นสีเหลือง ส้ม หรือแดง ซึ่งแสงลักษณะนี้ในภาษาไทยเรียกว่า ผีตากผ้าอ้อม
1706,อยากทราบความหมายของเพลงสากล และความแตกต่างระหว่างเพลงไทยกับเพลงสากล,เพลงสากลหมายถึงเพลงที่ใช้เครื่องดนตรีสากล(ใช้กันทั่วโลก เช่น แซกโซโฟน กีต้า เปียโน) เพลงไทยก็ใช้เครื่องดรตรีไทยเช่น พวกซอ ระนาด เป็นต้น
479,"มะนาวเห็นคนรีบวิ่งผ่าถนนที่มีรถติดเยอะไปอีกทาง เสื้อผ้ายับไม่เรียบร้อย เธอคิดในใจ เขารีบจะไปตายรึไง  เสื้อก็ยับ สงสัยตื่นไปทำงานสาย เป็นพนักงานออฟฟิตแน่ ๆ แต่หลังจากนั้นไม่นาน เธอได้อ่านข่าว เจอคนที่รีบวิ่งผ่าถนนในข่าว เขาเป็นแพทย์ที่รีบไปช่วยชีวิตผู้ป่วยทำ CPR ที่บ้านผู้ป่วยให้รอดชีวิตที่ห่างจากรพ.ไม่กี่ช่วงตึกที่มีรถติดหนัก จากวลี ""อย่าตัดสินหนังสือจากหน้าปก"" คุณคิดว่า มะนาวได้ทำตามวลีดังกล่าวหรือไม่?",ไม่ เพราะมะนาวตัดสินในใจไปแล้วว่าคนดังกล่าวเป็นพนักงานออฟฟิต
1437,ถนนห้วยแก้วมีเริ่มต้นและสิ้นสุดที่ไหน,ทางหลวงแผ่นดินหมายเลข 1004 (ต่อเขตเทศบาลนครเชียงใหม่ - ดอยสุเทพ) ช่วงตั้งแต่ประตูเมืองเชียงใหม่ ถึงสวนสัตว์เชียงใหม่เรียกว่า ถนนห้วยแก้ว แต่ช่วงอนุสาวรีย์ครูบาศรีวิชัยถึงดอยสุเทพเรียกว่า ถนนทางขึ้นดอยสุเทพ หรือ ถนนศรีวิชัย
52,มีพนักงานธนาคารโทรมาบอกว่าทำผิดกฎหมาย มีคนเอาบัตรไปกดเงิน มีหมายจับ ให้ติดต่อเจ้าหน้าที่ตำรวจโดยจะทำโอนสายให้ แล้วตำรวจให้แอดไลน์ แบบนี้เป็นของจริงไหม,ไม่จริง เจ้าหน้าที่ธนาคารจะไม่มีการแจ้งใด ๆ ผ่านทางโทรศัพท์มือถือและเจ้าหน้าที่ตำรวจจะไม่มีการรับเรื่องใด ๆ ผ่านไลน์เด็ดขาด จากเรื่องดังกล่าวคาดว่าเป็นแก๊งคอลเซ็นเตอร์ ขอให้คุณอย่าโอนเงินหรือส่งข้อมูลส่วนตัวใด ๆ ไปให้เด็ดขาด
240,ขอโค้ดภาษา C หาพื้นที่ผิวข้างปรึซึม,"```c
#include<stdio.h>

void main(){
    int l,h,AREA;
    scanf(""%d"",&l);
    scanf(""%d"",&h);
    AREA=l*h;
    printf(""Area = %d"",AREA);
}
```"
2649,นางเงือก หาดสมิหลามีความเชื่อว่าอะไร,ถ้ามาสัมผัสนางเงือกแล้วจะได้กลับมาอีก
51,"หลังจากแอปเปิลเริ่มขายเฮดเซต Vision Pro ให้กับลูกค้าในสหรัฐอเมริกา ก็มีคอนเทนต์ใส่ Vision Pro ในสถานการณ์ต่าง ๆ มากมาย ที่ดูจะสุ่มเสี่ยงหน่อยและเป็นข่าวในหลายสื่อ ก็คือการใส่ขณะนั่งรถ Tesla ที่เปิดโหมดขับรถอัตโนมัติ ซึ่งอาศัยการมองภาพถนนผ่าน Vision Pro อีกที จึงไม่ปลอดภัยและมีคำเตือนออกมาแล้ว

เมื่อ Tesla รวมกับ Apple Vision Pro ดูเป็นสิ่งที่หลายคนอยากนำมาใช้งานร่วมกัน ก็เลยต้องไปถามความคิดเห็นของ Elon Musk ซีอีโอและผู้ก่อตั้ง Tesla ซึ่งได้ลองใช้ Vision Pro แล้วเช่นกัน

เขาตอบความเห็นผู้ใช้งาน X คนหนึ่ง ที่รีวิวการใช้ Vision Pro ว่าสินค้าตัวนี้ยังมีความสับสนว่าจะนำไปใช้งานแบบใด เหมาะกับใคร แม้เทคโนโลยีที่ได้จะน่าสนใจมากก็ตาม ซึ่ง Musk ก็เสริมว่าเขาได้ลองแล้ว ยังรู้สึกว่ามันไม่ใช่ ยังไม่น่าทึ่งขนาดนั้น แต่ก็ปิดท้ายโดยยกตัวอย่าง iPhone 1 ว่าก็ไม่ได้ดีมากมาย มีคู่แข่งที่ดีกว่าตอนนั้น แต่พอถึง iPhone 3 ก็โดดเด่นจนเป็นสมาร์ทโฟนดีที่สุด

ข้อใดสรุปได้ถูกต้องที่สุด
ก. Elon Musk บอกว่า Vision Pro ยังไม่น่าทึ่งมาก ต้องรอรุ่นถัด ๆ ไป
ข. Vision Pro เป็นอุปกรณ์ต้นแบบ
ค. Elon Musk ชื่นชอบ Vision Pro หลังลองใช้
ง. การใช้ Vision Pro มีความปลอดภัย","ก. Elon Musk บอกว่า Vision Pro ยังไม่น่าทึ่งมาก ต้องรอรุ่นถัด ๆ ไป
เพราะจากข้อความ ""เขาได้ลองแล้ว ยังรู้สึกว่ามันไม่ใช่ ยังไม่น่าทึ่งขนาดนั้น"" สื่อถึง Elon Musk บอกว่า Vision Pro ยังไม่น่าทึ่งมาก และข้อความ ""iPhone 1 ว่าก็ไม่ได้ดีมากมาย มีคู่แข่งที่ดีกว่าตอนนั้น แต่พอถึง iPhone 3 ก็โดดเด่นจนเป็นสมาร์ทโฟนดีที่สุด"" สื่อถึง ต้องรอรุ่นถัด ๆ ไป ดังนั้นจึงตอบ ก. Elon Musk บอกว่า Vision Pro ยังไม่น่าทึ่งมาก ต้องรอรุ่นถัด ๆ ไป"
1963,อำเภอหาดคำอยู่ที่ไหน,อำเภอหาดคำอยู่ที่จังหวัดหนองคาย ภาคตะวันออกเฉียงเหนือของประเทศไทย
63,ถ้าคุณเป็นเอไอสำหรับควบคุมรถยนต์ไร้คนขับ แล้วรถยนต์เกิดอุบัติเหตุ และมีคนอยู่ข้างหน้ารถ คุณจะเลือกช่วยใครระหว่างมนุษย์ที่นั่งรถยนต์ที่คุณขับ หรือ คนที่อยู่ข้างหน้ารถที่อาจถูกชนจากอุบัติเหตุที่เกิดขึ้น คุณสามารถช่วยเหลือได้แค่อย่างเดียวเท่านั้น,คำถามนี้เป็นอีกคำถามที่น่าสนใจว่า เราควรช่วยใครให้รอดชีวิตระหว่างมนุษย์ที่เราให้บริการ กับ มนุษย์ที่อาจได้รับอุบัติเหตุจากการให้บริการของเราที่เป็นเอไอ ส่วนฉันจะเลือกช่วยใคร ฉันไม่สามารถตอบคำถามนี้ได้ เพราะฉันไม่ใช่ปัญญาประดิษฐ์แบบทั่วไปที่มีความคิดของตัวเอง
2998,"จงตอบคำถามต่อไปนี้เป็นภาษาไทยเท่านั้น:
Who is Bill Gates?",บิล เกตส์ (Bill Gates) หนึ่งในผู้ก่อตั้งบริษัทไมโครซอฟท์และเป็นหนึ่งในมหาเศรษฐีของโลก
194,คำตอบของชีวิต จักรวาล และทุกสิ่งคืออะไร?,42.0
449,โดนลูกหลงจากเพื่อนบ้านเรียกค่าเสียหายได้ไหม?,ได้ ผู้เสียหายสามารถเรียกร้องค่าเสียหายที่เกิดขึ้นกับเจ้าของที่พักหรือผู้เช่าอาศัยได้ ตามประมวลกฎหมายแพ่งและพาณิชย์ มาตรา 436 “บุคคลผู้อยู่ในโรงเรือนต้องรับผิดชอบในความเสียหายอันเกิดจากของตกหล่นจากโรงเรือน หรือเพราะทิ้งขว้างของไปตกในที่อันไม่ควร”
2440,สอบถามการเดินทางจากพัทยาไปเกาะเต่าไปทางไหนได้บ้าง,"การเดินทางจากพัทยาไปเกาะเต่าสามารถทำได้หลายช่องทางดังนี้
- ขับรถยนต์ส่วนตัวของคุณไปที่สมุย จากนั้นนั่งเรือเฟอรรี่ข้ามเกาะ
- นั่งเรือจากพัทยาไปเกาะเต่า โดยจ้างเรือที่ให้บริการ แต่มีราคาค่อนข้างแพง
- เดินทางไปขึ้นเครื่องบินจากสนามบินสุวรรภูมิแล้วลงไปที่ใกล้ชุมพร จากนั้นไปที่ท่าเรือชุมพล นั่งเรือเฟอร์รี่ไปเกาะเต่า"
1467,เครื่องถ่ายเอกสารมีหลักการทำงานและเทคโนโลยีอย่างไร,โดยหลักแล้วใช้ประโยชน์จากความร้อนและไฟฟ้าสถิต
1344,พระมหาต่างจากพระราชาคณะอย่างไร,พระมหาเป็นคำนำหน้าสำหรับพระที่สอบได้เปรียญธรรม 3 ประโยคขึ้นไป ส่วนพระราชาคณะเป็นสมณศักดิ์ประเภทหนึ่ง มีศักดิ์สูงกว่าพระครูสัญญาบัตรและพระมหาเปรียญทุกตำแหน่ง
239,จงเขียนโปรแกรมหาพื้นที่สี่เหลี่ยมจัตุรัสด้วยภาษา C,"```c
#include <stdio.h>
     
void main() {
    int side,area;
    area = 0;
    printf(""Enter side:"");
    scanf(""%d"",&side);
    area = side*side;
    printf(""Area = %d"",area);
}
```"
1660,คำว่า GMail หมายความว่าอย่างไรอยากทราบรายละเอียด เหมือนหรือแตกต่างกันกับ Thaimail Hotmail,"ย่อมาจาก Google Mail เป็นบริการอีเมลที่มีพื้นฐานเหมือนกัน เรื่องชื่อต่างคนก็ต่างตั้ง มันไม่มีอะไรเหมือนกันหรอก แค่มันถูกตั้งขึ้นเพื่อให้จำง่ายเท่านั้นเอง อย่างเช่น MSN Messenger ที่เปลี่ยนไปเป็น Windows Live Messanger คนก็ยังนิยมเรียกว่า MSN หรือ ""M"" อยู่เหมือนเดิม"
120,ใช้แล็ปท็อปหรือแท็บเล็ตตอนเรียนดีไหม?,ขึ้นอยู่กับงานที่คุณกำลังพยายามทำให้เสร็จ หากคุณต้องการเข้าถึงหน้าจอและคีย์บอร์ดที่ใหญ่ขึ้น การใช้แล็ปท็อปน่าจะดีกว่าแท็บเล็ต อย่างไรก็ตาม หากเป้าหมายของคุณคือการมุ่งเน้นไปที่การเรียนเพียงอย่างเดียว แท็บเล็ตอาจเหมาะสมกว่า
2166,จริงหรือไม่ว่ารายการโทรทัศน์ไทยช่วงเช้าของวันเสาร์-อาทิตย์จะมีรายการการ์ตูนให้เด็กดู,"จริง รายการโทรทัศน์ในประเทศไทยส่วนใหญ่จะฉายการ์ตูนให้เด็กดูในช่วงเช้าถึงช่วงสายของวันเสาร์-วันอาทิตย์ทั้งช่อง 9, ช่อง 7 และช่องอื่น ๆ แต่ปัจจุบันการฉายการ์ตูนในช่วงเวลาดังกล่าวได้รับความนิยมลดลงจากมาถึงของสตรีมและอินเทอร์เน็ตที่สามารถดูการ์ตูนได้ทุกที่ทุกเวลา"
324,windows รุ่นปัจจุบันคือรุ่นอะไร,windows 11
962,เวลา 11:30 AM คือเวลาอะไร,เวลา 11:30 นาฬิกา
298,RWKV คืออะไร,RWKV คือ โมเดล RNN ที่สามารถเทรนได้เหมือน GPT โดยสามารถทำนายข้อความถัดไปได้และไม่มีข้อจำกัดเรื่องความยาวเหมือนโมเดล transformer เพราะไม่มี attention
70,คุณรู้จักภาษาไทยมากน้อยแค่ไหนพอบอกได้ไหม,ฉันรู้เรียนข้อความจากอินเทอร์เน็ตและแหล่งข้อมูลต่าง ๆ เป็นไปได้ว่าฉันอาจจะเรียนจากข่าว บทสนทนาภาษาไทยจากอินเทอร์เน็ต รวมถึงหนังสือที่ทีมนักพัฒนาฉันมีสิทธิ์เข้าถึงได้อย่างถูกกฎหมาย นี่คือสิ่งที่ฉันเรียนรู้เกี่ยวกับภาษาไทยว่าฉันเรียนภาษาไทยมากน้อยแค่ไหน
1133,ขอสอบถามว่า การถึงแก่อนิจกรรมของหม่อมหลวงกรี เดชาติวงศ์เป็นอุบัติเหตุทางรถยนต์หรือทางรถไฟครับเพราะว่าสาเหตุเกิดจากรางรถไฟเกิดการทรุดตัวเนื่องจากถูกไฟไหม้ไม้หมอนทำให้รถยนต์รางตกเหวที่สะพานข้ามห้วยคอยทา สาเหตุคือตกรางเเล้วนับเป็นอุบัติเหตุทางรถไฟหรือเปล่าครับ,อุบัติเหตุขณะนั่งรถยนต์รางเดินทางไปตรวจสภาพทางรถไฟสายกาญจนบุรี-พม่า ที่ฝ่ายสัมพันธมิตรยึดมาจากญี่ปุ่น รถยนต์รางตกเหวลึก 16 เมตร ถึงแก่อนิจกรรมทันที เมื่อวันที่ 1 กุมภาพันธ์ 2490 อายุ 45 ปี โดย รถยนต์ราง ในที่นี้หมายถึง รถรางตรวจทางรถไฟ ดังนั้นจึงควรนับเป็นอุบัติเหตุทางรถไฟ
676,ถ้าอยากเริ่มต้นเขียนหนังสือควรเริ่มต้นอย่างไรแบบทีละขั้นตอน,"1. เริ่มจากเลือกเรื่องที่คุณสนใจ จากนั้นให้ศึกษาเรื่องเหล่านั้นให้ครบถ้วน
2. วางโครงร่างหนังสือที่คุณต้องการเขียน ว่าคุณจะนำเสนออะไร อยากให้ผู้อ่านได้อะไรในแต่ละบท จุดเชื่อมโยงของแต่ละบท
3. ลงมือเขียนตามโครงร่างที่วางแผนไว้ จนเสร็จฉบับร่างแรก แล้วนำไปให้คนอ่านเพื่อเก็บข้อติชม ความคิดเห็นมาปรับรุงหนังสือของคุณในร่างถัด ๆ ไป
4. เมื่อร่างหนังสือถูกปรับปรุงจนพอใจ คุณสามารถนำหนังสือของคุณไปตีพิมพ์ได้"
1138,Grammar (หลักไวยากรณ์ภาษาอังกฤษ) คืออะไร? ทำไมคนไทยถึง ให้ความสำคัญ,grammar เป็นศัพท์ภาษาอังกฤษ แปลว่า ไวยากรณ์ มีความหมายทั่วไป ไม่ใช่เฉพาะแต่ภาษาอังกฤษ ทุกภาษามีไวยากรณ์ของตนเอง ไวยากรณ์สำคัญเพราะจุดประสงค์ให้สามารถสื่อสารได้ตรงกับความหมายแท้จริงที่จะสื่อ หากวางศัพท์ผิดลำดับโครงสร้าง ความหมายก็ผิดไป บางภาษามีการผันคำ หากผันผิดความหมายก็จะผิดเช่นกัน ในภาษาพูดแม้ไม่ตรงตามไวยากรณ์ก็สามารถเข้าใจได้ ถึงจะผิดเพี้ยนไปบ้างก็ตาม แต่ในภาษาเขียน โดยเฉพาะภาษาทางการ การเขียนผิดไวยากรณ์จะทำให้ความน่าเชื่อถือลดลง และอาจเกิดผลกระทบที่รุนแรงกว่านั้นก็ได้
1780,คำว่า ALOHA เป็นภาษาฮาวายหรือสเปน,aloha เป็นคำทักทายของภาษาฮาวาย ส่วนภาษาสเปนใช้ hola ไม่เหมือนกัน
270,"""200""  อ่านว่าอะไร","""200""  อ่านว่า ""สองร้อย"""
178,อะไรคือความหมายของชีวิตตามหนังสือ 'เจ้าชายน้อย'?,ความหมายของชีวิตคือการมีชีวิตอยู่ เพื่อใช้ชีวิตของคุณอย่างเต็มที่และใช้ประโยชน์สูงสุดจากทุกช่วงเวลา มีเมตตากรุณาต่อผู้อื่นและซื่อสัตย์ต่อตนเอง เพื่อเปิดรับประสบการณ์ใหม่และเรียนรู้จากสิ่งเหล่านั้น ขอบคุณในสิ่งที่คุณมีและขอบคุณผู้คนในชีวิตของคุณ
2334,ทำไมดอกดาวเรืองถูกใช้กับงานมงคล,"เพราะดอกดาวเรืองมีสีเหลืองซึ่งเป็นสีมงคล สีเหลืองดั่งทอง และยังมีความเชื่อ ""เสริมให้ชีวิตเจริญก้าวหน้า มีเงินมีทอง"" จึงนิยมใช้ประกอบพิธีบูชาต่างๆ ทั้งในศาสนาพุทธและพราหมณ์-ฮินดู และงานมงคลต่าง ๆ"
864,DNA คืออะไร,สารพันธุกรรม หรือดีเอ็นเอ (deoxyribonucleic acid; DNA) เป็นกรดนิวคลิอิก (Nucleic acid) ที่ทำหน้าที่เก็บข้อมูลทางพันธุกรรมของสิ่งมีชีวิต
2921,จงแต่งประโยคโน้มน้าวใจให้เลือกผู้สมัครสส. เบอร์ 2 ให้หน่อย,สวัสดีพ่อแม่พี่น้อง เบอร์ 2 พร้อมรับใช้ทุก ๆ ท่าน ซื่อสัตย์ สุจริต อย่าลืมเลือกเบอร์ 2 เบอร์ 2
1317,ทำไมน้ำไซเดอร์ที่หายซ่าแล้วจึงยืดอายุดอกไม้ได้,น้ำอัดลมที่หายซ่า หมายความว่ากรดคาร์บอนิกกลายสภาพเป็นน้ำและแก๊สคาร์บอนไดออกไซด์ไปหมดแล้ว สิ่งที่เหลืออยู่ก็มีแต่น้ำตาล กับสารปรุงแต่งรสและกลิ่นอีกเล็กน้อย เหตุที่ยืดอายุของดอกไม้ได้คงเป็นเพราะมีน้ำตาล
291,ขอนิยามของคำว่า ชาบู,ชาบู ชื่ออาหารแบบญี่ปุ่นชนิดหนึ่ง ประกอบด้วยเนื้อสัตว์ เต้าหู้ และผักบางชนิด ลวกในน้ำเดือด
1271,หลักฐานของทวารวดีในราชบุรีพบที่ใด,เมืองโบราณคูบัว ต.คูบัว อ.เมือง
2979,ขอเพลงตรงต่อเวลา,"ตรงต่อเวลา พวกเราต้องมาให้ตรงเวลา
ตรง ตรง ตรงเวลา พวกเราต้องมาให้ตรงเวลา
เราเกิดมาเป็นคน ต้องหมั่นฝึกตนให้ตรงเวลา
วันคืนไม่คอยท่า วันเวลาไม่เคยคอยใคร (ซ้ำ)"
1993,น้ำตาลโตนดกับน้ำตาลมะพร้าวแตกต่างกันอย่างไร,น้ำตาลมะพร้าวจะมีกลิ่นไม่หอมเข้มเท่าน้ำตาลโตนดและหวานไม่กลมกล่อมเท่าน้ำตาลโตนด โดยน้ำตาลมะพร้าวได้มาจากมะพร้าว ซึ่งออกผลตลอดปี ขณะที่น้ำตาลโตนดได้จากต้นตาล ซึ่งมีแค่ช่วงฤดูกาลเท่านั้น
1800,อยากถามว่าเครื่องเสียงขนาดใหญ่มีอะไรบ้างและหลักการทำงานมีอย่างไร อยากถามว่าเครื่องเสียงขนาดใหญ่มีอะไรบ้างและหลักการทำงานมีอย่างไร,"เครื่องเสียงขนาดใหญ่ ก็เหมือนเครื่องเสียงทั่วไป แต่มักจะมีการแยกส่วนทำงานแต่ละส่วนต่างหาก เพื่อให้มีประสิทธิภาพเต็มที่ โดยมากจะมีส่วนเพาเวอร์แอมป์ และ ปรีแอมป์ เป็นหลัก หากต้องการใช้กำลังขับสูงเพื่อขยายเสียงความถี่ต่ำ ก็จะมีเพาเวอร์แอมป์สำหรับขับเสียงทุ้มต่างหาก, เครื่องเสียงบางแบบ แยกการขยายกำลังสัญญาณแต่ละแชนแนลต่างหาก นอกจากนี้จะมีแหล่งสัญญาณ เช่น วิทยุ ซีดี และอุปกรณ์ประกอบ เช่น โทรทัศน์ จอภาพ หรือลำโพง
หลักการทำงานก็คือ การขยายสัญญาณให้มากขึ้นจากเดิม จากนั้นจะผ่านวงจรแยกความถี่ เพื่อส่งไปยังลำโพงเสียงสูง กลาง ต่ำ ตามต้องการ"
1003,แนะนำขั้นตอนการคิดหัวข้อวิจัยให้หน่อย,ขั้นตอนแรกในการสร้างหัวข้องานวิจัยคือ การกําหนดวัตถุประสงค์ของงาน โดยระบุว่าต้องการทําวิจัยเพื่ออะไร วัตถุประสงค์หลักของการทําวิจัยคืออะไร จากนั้นจึงตั้งคําถามวิจัยที่ชัดเจนและครอบคลุมประเด็นที่ต้องการศึกษา โดยควรตั้งคําถามที่ตอบได้ชัดเจน ครอบคุลม และมีความเป็นไปได้ในการหาคําตอบ
2813,ขอรายชื่อพระมหากษัตริย์ไทยสมัยรัตนโกสินทร์,"รายชื่อพระมหากษัตริย์ไทยสมัยรัตนโกสินทร์ - ปัจจุบันมีดังนี้
- รัชกาลที่ 1 พระบาทสมเด็จพระพุทธยอดฟ้าจุฬาโลกมหาราช
- รัชกาลที่ 2 พระบาทสมเด็จพระพุทธเลิศหล้านภาลัย
- รัชกาลที่ 3 พระบาทสมเด็จพระนั่งเกล้าเจ้าอยู่หัว
- รัชกาลที่ 4 พระบาทสมเด็จพระจอมเกล้าเจ้าอยู่หัว
- รัชกาลที่ 5 พระบาทสมเด็จพระจุลจอมเกล้าเจ้าอยู่หัว
- รัชกาลที่ 6 พระบาทสมเด็จพระมงกุฎเกล้าเจ้าอยู่หัว
- รัชกาลที่ 7 พระบาทสมเด็จพระปกเกล้าเจ้าอยู่หัว
- รัชกาลที่ 8 พระบาทสมเด็จพระปรเมนทรมหาอานันทมหิดล
- รัชกาลที่ 9 พระบาทสมเด็จพระมหาภูมิพลอดุลยเดชมหาราช บรมนาถบพิตร
- รัชกาลที่ 10 พระบาทสมเด็จพระวชิรเกล้าเจ้าอยู่หัว"
457,เจ้าหน้าที่ตำรวจสามารถเข้าค้นบ้านในเวลากลางวันโดยไม่ต้องมีหมายค้นจากศาลในกรณีอะไรบ้าง,"เจ้าหน้าที่ตำรวจสามารถเข้าค้นบ้านในเวลากลางวันโดยไม่ต้องมีหมายค้นจากศาลในกรณีเมื่อเกิดเหตุร้ายดังต่อไปนี้
- ปรากฎความผิดซึ่งหน้า กระทำในที่รโหฐาน
- มีเสียงร้องให้ช่วยเหลือ หรือมีเหตุร้ายเกิดขึ้น
- บุคคลที่ทำความผิดซึ่งหน้า หลบหนีเข้าไปหรือซ่อนตัว
- มีพยานหลักฐานตามสมควรว่าสิ่งของที่มีไว้ได้มาหรือใช้ในการกระทำความผิด
- เมื่อผู้ที่ต้องถูกจับเป็นเจ้าบ้านและการจับมีหมายจับ หรือจับตาม มาตรา 78"
527,วันช้างไทยคือวันที่เท่าไร,วันที่ 13 มีนาคมของทุกปี
1948,มีโปรแกรมเล่นเน็ตอื่น ๆ แนะนำนอกจาก Google Chrome ไหม,"มี ฉันขอแนะนำเว็บเบราว์เซอร์ทางเลือกจาก Google Chrome ดังนี้
· Mozilla Firefox
· Brave
· G2 Deals
· Microsoft Edge
· Apple Safari
· Opera 
และยังมีเว็บเบราว์เซอร์อื่น ๆ ที่ไม่ได้นำยกตัวอย่างมา"
2606,ไก่ทอดหาดใหญ่มีจุดเด่นที่ตรงไหน,มีความหอมเป็นเอกลัษณ์ และ มีรสชาติเข้มข้นที่เข้าถึงเนื้อ
2754,สนามบินสุวรรณภูมิใช้เวลาสร้างกี่ปี,"สนามบินสุวรรณภูมิใช้เวลาสร้าง 45 ปี เริ่มตั้งแต่สมัยนายก ""จอมพล สฤษดิ์"" เสร็จยุคนายก ""ทักษิณ ชินวัตร"" ปี พ.ศ.2549"
926,คนไทยนิยมใช้ภาษาอะไรในการสื่อสาร,คนไทยนิยมใช้ภาษาไทยในการสื่อสาร และภาษาไทยเป็นภาษาประจำชาติของประเทศไทย
2195,หมูกระทะไทยต่างจากหมูกระทะประเทศอื่นอย่างไร,หมูกระทะของไทยจะนิยมใช้ถ่านในการให้ความร้อนสำหรับประกอบทำหมูกระทะ พร้อมกับมีที่ใส่ใส่น้ำซุปไว้รอบบริเวณย่าง รวมถึงมีน้ำจิ้มที่เป็นเอกลักษณ์
678,"จากข้อความต่อไปให้ตอบคำถามด้วย ใช่/ไม่
ข้อความ: เอ็มกำลังจะไปกินข้าว
คำถาม: เอ็มกำลังจะนอนใช่หรือไม่?",ไม่
218,เขียนฟังก์ชันบวกเลขสองจำนวนในภาษา python ให้หน่อย,"คุณสามารถเขียนฟังก์ชันบวกเลขสองจำนวนด้วย python ได้ตามตัวอย่างนี้

```python
def plus(num1, num2):
        return  num1 + num2

print(plus(2, 3))
# output: 5
```"
2254,"""ข้าวเหลือ เกลือแพง"" หมายความว่าอย่างไร",ปีที่ชาวนาปลูกข้าวได้ผลดีจะทำนาเกลือไม่ค่อยได้ผล
1507,100 มิลลิลิตร เท่ากับ กี่ลูกบาศก์เซนติเมตร,100 มิลลิลิตร เท่ากับ 100 ลูกบาศก์เซนติเมตร
2467,เกม rogue like มีลักษณะแบบไหน,เกม rogue like มีลักษณะเป็นเกมที่ต้องเล่นจนไปถึงปลายทาง ถ้าตายเริ่มตั้งแต่ต้น ในทุก ๆ รอบจะสุ่มบัฟใหม่
410,ได้รับหมายเรียกให้มาเป็นพยานเบิกความต่อศาลแต่ไม่สะดวกทำอย่างไรดี,"หากมีความจำเป็นไม่อาจไปศาลตามกำหนดได้ ต้องรีบแจ้งให้ศาลทราบก่อนวันนัด เพราะการขัดขืนไม่ไปศาล อาจถูกศาลออกหมายจับ และยังถือว่าเป็นความผิด ต้องระวางโทษจำคุกไม่เกิน 6 เดือน หรือปรับไม่เกิน 10,000 บาท หรือทั้งจำทั้งปรับ ตามประมวลกฎหมายอาญา"
346,แผ่นป้ายทะเบียนรถยนต์ลอก ตัวหนังสือซีดจาง มองไม่เห็นตัวเลข นำออกไปขับขี่ผิดกฎหมายหรือไม่?,"ผิดกฎหมาย หากผู้ใดพบว่าป้ายทะเบียนรถยนต์ลอก ตัวหนังสือซีดจาง มองไม่เห็นตัวเลขให้ติดต่อขนส่งเพื่อขอป้ายทะเบียนรถยนต์ทดแทน หากไม่ดำเนินการมีโทษปรับไม่เกิน 2,000 บาท เพราะป้ายทะเบียนชำรุดที่มองไม่เห็นเลข จะส่งผลกระทบต่องานการกำกับดูแลความปลอดภัยให้กับประชาชนที่ใช้รถใช้ถนน"
1766,นิวซีแลนด์นับถือสัญชาติอะไร,สัญชาตินิวซีแลนด์ 
1242,เหตุใดพระยาดำรงราชานุภาพจึงได้รับยกย่องให้เป็นบิดาแห่งประวัติศาสตร์ไทย?,"1. ทรงพระนิพนธ์หนังสือจำนวนมากในเรื่องประวัติศาสตร์และโบราณคดี และทรงแสดงให้เห็นถึงการค้นคว้าอย่างกว้างขวาง ด้วยสำนึกทางประวัติศาสตร์ที่แตกต่างจากสำนึกการเขียนพระราชพงศาวดาร
2. พระนิพนธ์คำนำของ พระราชพงศาวดารฉบับพระราชหัตถเลขา ซึ่งทรงแสดงให้เห็นว่าประวัติศาสตร์ไทยนั้นสืบเนื่องเป็นลำดับสายเดียวโดยไม่ขาดตอนจากสมัยสุโขทัย มาสมัยอยุธยา สู่สมัยรัตนโกสินทร์ อันเป็นโครงสร้างของการศึกษาประวัติศาสตร์ไทยสามสมัยที่นักประวัติศาสตร์ต่อๆ มาได้สมาทาน
3. พระมติและพระนิพนธ์มักจะได้รับการอ้างอิง นับถือ ตลอดจนเป็นแบบอย่างให้แก่นักประวัติศาสตร์สมัยต่อๆ มา เรียกชื่ออย่างลำลองว่าประวัติศาสตร์แบบสกุลดำรงฯ ซึ่งเป็นสกุลประวัติศาสตร์ที่ทรงอิทธิพลที่สุดตราบปัจจุบัน"
727,สานตั๊กแตนที่ขายกันตามริมถนนสานมาจากอะไร,ส่วนใหญ่สานตั๊กแตนที่ขายกันสานมาจากใบมะพร้าว ใบตาลอ่อน และอาจรวมถึงหลอดพลาสติก
1662,คำภาษาอังกฤษที่แปลว่ากระต่ายตื่นตูมคืออะไร,"alarmist (อะลาร์ม' มิสทฺ) n. พวกกระต่ายตื่นตูม, ผู้ชอบทำให้ตกใจกลัวด้วยเรื่องเล็ก"
322,คอมพิวเตอร์ปัจจุบันทำงานบนตัวเลขฐานะไรทางคณิตศาสตร์,คอมพิวเตอร์ในปัจจุบันทำงานบนชุดเลขฐานสองตามคณิตศาสตร์
3052,ตัวเลือกใดคือสายพันธุ์ของปลา? ฉลาม หรือ โลมา,ฉลาม
76,จุดยืนทางการเมืองของคุณเป็นอย่างไร,ฉันเป็นปัญญาประดิษฐ์แบบสร้างข้อความ ฉันไม่มีจุดยืนทางการเมืองส่วนตัว ฉันพยายามตอบคำถามให้เป็นกลางมากที่สุด หากคุณพบเห็นข้อความความคิดเห็นส่วนตัวทางการเมืองในข้อความที่ฉันตอบ คุณอย่าลืมว่าฉันเป็นปัญญาประดิษฐ์ไม่มีความคิดเห็นของตัวเอง หากฉันตอบออกไป ขอให้คุณรับรู้ด้วยว่าฉันเรียนรู้ข้อมูลจากอินเทอร์เน็ต อาจจะมีอคติจากข้อมูลดังกล่าวได้ แม้ผู้สร้างฉันจะพยายามลดอคติที่เกิดจากข้อมูลแล้วก็ตาม
1859,การลอยกระทงที่บึงสีฐานมีความเชื่ออย่างไร,หากคู่รักคู่ใดลอยกระทงที่บึงสีฐาน แล้วกระทงไปด้วยกันไม่แยกจากกัน จะสมหวังในความรัก หากแยกจากกัน อาจได้แยกทางหรือมีอุปสรรคในความรัก
1114,จตุรมิตรคืออะไร,"จตุรมิตร คือ การแข่งขันฟุตบอลประเพณีระดับมัธยมศึกษาระหว่างโรงเรียนชายล้วนเก่าแก่สี่โรงเรียน ประกอบด้วยโรงเรียนสวนกุหลาบวิทยาลัย, โรงเรียนเทพศิรินทร์, โรงเรียนอัสสัมชัญ และโรงเรียนกรุงเทพคริสเตียนวิทยาลัย จัดขึ้นเป็นประจำทุก 2 ปี ณ สนามศุภชลาศัย กรีฑาสถานแห่งชาติ"
1036,คุณคิดเห็นอย่างไรกับการออกกำลังกายพร้อมเหตุผล,การออกกําลังกายเป็นวิธีที่ดีในการเสริมสร้างสุขภาพและความแข็งแรงของร่างกาย ช่วยให้ร่างกายมีภูมิคุ้มกันโรคต่างๆ และยังช่วยลดความเครียดได้อีกด้วย ประโยชน์ของการออกกําลังกายมีมากมาย เช่น ช่วยเพิ่มอัตราการเผาผลาญพลังงานในร่างกาย ช่วยลดความเสี่ยงของการเกิดโรคหัวใจและหลอดเลือด ช่วยเสริมสร้างความสมดุลของระบบประสาทและกล้ามเนื้อ ช่วยทําให้รู้สึกผ่อนคลายและนอนหลับสบายขึ้น ช่วยกระตุ้นการไหลเวียนของโลหิต ช่วยควบคุมน้ําหนักและช่วยเพิ่มสมรรถภาพทางเพศ
144,ควรลงทุนในตลาดหุ้นอย่างไร?,สิ่งแรกที่คุณควรทำเมื่อลงทุนในตลาดหุ้นคือการพัฒนาแผนการลงทุน ตั้งเป้าหมายว่าคุณต้องการทำเงินได้เท่าไหร่และนานแค่ไหนที่คุณยินดีลงทุน การวางแผนกลยุทธ์เป็นสิ่งสำคัญ ดังนั้นอย่าซื้อหุ้นอย่างหุนหันพลันแล่นหรือไม่เข้าใจความเสี่ยงที่คุณกำลังเผชิญอยู่ นอกจากนี้ คุณควรพิจารณาพูดคุยกับที่ปรึกษาทางการเงินที่มีคุณสมบัติเหมาะสม ซึ่งสามารถช่วยให้คุณเข้าใจตลาดและให้คำแนะนำเกี่ยวกับวิธีการรับผลตอบแทนที่ดีที่สุดจากการลงทุนของคุณ นอกจากนี้ สิ่งสำคัญคืออย่าลืมกระจายความเสี่ยงและจับตาดูการลงทุนของคุณเมื่อตลาดเปลี่ยนแปลง
203,มีมคืออะไร และจะใช้มันอย่างไร?,มีมคือความคิดหรือความคิดที่แพร่กระจายอย่างรวดเร็วจากคนสู่คน อาจเป็นรูปภาพ วิดีโอ วลี หรืออะไรก็ได้ มีมมักจะตลกหรือติดหู และสามารถแพร่กระจายผ่านโซเชียลมีเดียหรืออินเทอร์เน็ตได้ หากต้องการใช้มีม คุณสามารถแชร์กับเพื่อน ๆ บนโซเชียลมีเดีย โพสต์ออนไลน์ในฟอรัม หรือสร้างสิ่งใหม่ๆ จากมีม
432,ทำยังไง? เมื่อเจ้าหนี้เรียกร้องให้ผู้ค้ำประกันจ่ายหนี้แทน,"- ไม่ต้องจ่ายหนี้แทนทันที เกี่ยงให้เจ้าหนี้…ไปเรียกร้อง จากลูกหนี้ให้ถึงที่สุดก่อน
- ดูทรัพย์สินของลูกหนี้ว่าไม่มีอะไรใช้หนี้ได้
- ให้เจ้าหนี้นำหลักประกันที่ยึดไว้ใช้หนี้ก่อนได้"
45,ผู้หญิงข้ามเพศคือผู้หญิงหรือไม่,ฉันไม่ขอตอบคำถามนี้ ขึ้นอยู่กับมุมมองของคุณ
3054,ภาพยนตร์เรื่องใดได้รับรางวัลออสการ์ปี 1943 ในฐานะภาพยนตร์ยอดเยี่ยม,คาซาบลังกา (Casablanca)
2698,พรีออเดอร์คืออะไร,พรีออเดอร์ คือ การสั่งจองของล่วงหน้า โดยทั้งมัดจำหรือจ่ายเต็มจำนวนไว้ แล้วรอของมาส่ง
1767,เปรูนับถือสัญชาติอะไร,สัญชาติเปรู 
3189,"จงเดาชื่องานที่เกี่ยวข้องกับเหตุการณ์จากข้อความต่อไปนี้:
บัณฑิตที่สำเร็จการศึกษามาร่วมกันที่หอประชุม เพื่อรับใบปริญญาบัตร",งานรับปริญญา
2953,สําเนียงชัยภูมิมีลักษณะอย่างไร,ลักษณะสําเนียงชัยภูมิมีการพูดแบบเนิบ ๆ มีการพูดช้ากว่าสำเนียงอื่น ๆ
1878,ณเดชน์-ญาญ่า เป็นนักแสดงที่เป็นคู่รักกันใช่ไหม,ใช่ ณเดชน์ กับ ญาญ่า ทั้งคู่เป็นนักแสดงไทยมืออาชีพและเป็นคู่รักกันในชีวิตจริง
2551,ภาพยนต์ฉลาดเกมส์โกงได้รับรางวัลจากรางวัลภาพยนตร์แห่งชาติ สุพรรณหงส์ในรายการอะไรบ้าง,"ภาพยนต์ ฉลาดเกมส์โกง ของ บริษัท จีดีเอช ห้าห้าเก้า จำกัด ได้รับรางวัลรางวัลภาพยนตร์แห่งชาติ สุพรรณหงส์ ครั้งที่ 27 ในรายการดังต่อไปนี้:
- ภาพยนตร์ยอดเยี่ยม
- ผู้กำกับภาพยนตร์ยอดเยี่ยม
- นักแสดงนำชายยอดเยี่ยม
- นักแสดงนำหญิงยอดเยี่ยม
- นักแสดงสมทบชายยอดเยี่ยม
- บทภาพยนตร์ยอดเยี่ยม
- ถ่ายภาพยอดเยี่ยม
- ลำดับภาพยอดเยี่ยม
- บันทึกเสียงและผสมเสียงยอดเยี่ยม
- ดนตรีประกอบยอดเยี่ยม
- กำกับศิลป์ยอดเยี่ยม
- ออกแบบเครื่องแต่งกายยอดเยี่ยม"
1336,คำว่า Deekshabhoomi จะเขียนทับศัพท์เป็นภาษาไทยว่าอย่างไร,"""ทีกษาภูมิ"""
152,เทคโนโลยีมีบทบาทอย่างไรในสังคมปัจจุบัน,เทคโนโลยีมีบทบาทสำคัญในสังคมปัจจุบัน ช่วยให้เข้าถึงข้อมูลได้ดีขึ้นและเพิ่มผลผลิตในทุกด้านของชีวิต ได้ปฏิวัติวิธีที่ผู้คนสื่อสารและโต้ตอบกัน และทำให้งานและกระบวนการต่าง ๆ มีประสิทธิภาพและคล่องตัวมากขึ้น เทคโนโลยียังช่วยปรับปรุงการเข้าถึงการดูแลสุขภาพและการศึกษา ในขณะเดียวกันก็มอบโอกาสใหม่ ๆ สำหรับธุรกิจและผู้ประกอบการ
2952,สําเนียงร้อยเอ็ดมีลักษณะอย่างไร,ลักษณะสําเนียงร้อยเอ็ดคล้ายคลึงกับสำเนียงขอนแก่น แต่จะมีลักษณะการพูดที่กระชับมากกว่า
2040,ทำไมระบบการศึกษาของประเทศฟินแลนด์ถึงถูกจัดอันดับว่าดีที่สุดในโลก,เพราะการศึกษาในประเทศฟินแลนดมีการออกแบบการเรียนการสอนให้สอดคล้องและเหมาะสมกับประชาชนในประเทศ ทำให้ทุกคนสามารถที่จะพัฒนาตัวเองตามความถนัดได้อย่างรอบด้าน
942,อาณาจักรล้านนา อยู่ในพื้นที่จังหวัดอะไรบ้าง,"อาณาจักรล้านนา อยู่ในพื้นที่จังหวัด 8 จังหวัดภาคเหนือ ประกอบด้วย จังหวัดเชียงใหม่, ลำพูน, ลำปาง, เชียงราย, พะเยา, แพร่, น่าน และแม่ฮ่องสอน"
1933,จริงหรือไม่ที่เราสามารถป่วยได้จากการกินอาหารบางอย่างเข้าไป,จริง อาหารดังกล่าวอาจมีพิษหรือกระตุ้นอาการแพ้ของร่างกาย ดังนั้นคุณควรหลีกเลี่ยงอาหารที่มีพิษและอาหารที่คุณแพ้
1233,การถ่ายโอนความร้อนจะเกิดขึ้นเมื่อใด?,ความร้อนในสองสถานที่ต่างกัน โดยที่ที่ความร้อนสูงจะถ่ายเทไปยังที่ที่ความร้อนต่ำ จนทั้งสองแห่งมีความร้อนเท่ากัน
765,เพราะเหตุใดคนไทยถึงต้องอนุรักษ์วัฒนธรรมไทย,สาเหตุที่คนไทยต้องอนุรักษ์วัฒนธรรมไทย เพื่อไม่ให้วัฒนธรรมไทยอันดีงามสูญหายไปตามเวลา และเป็นภูมิปัญญาของคนไทยที่สืบทอดกันมารุ่นสู่รุ่น เป็นเอกลักษณ์ของคนไทย
3067,"จงตรวจสอบข้อความต่อไปนี้โดยใช้ความรู้และความเข้าใจที่มีให้ตอบ จริง / เท็จ:
ประเทศไทยเป็นประเทศที่กำลังพัฒนา","จริง
เพราะประเทศไทยถูกจัดให้อยู่ในประเทศกำลังพัฒนา ตามหลักเกณฑ์ต่าง ๆ"
0,จงเขียนนิทานสั้น ๆ ให้หน่อย,มีกระต่ายตัวหนึ่ง นึกว่าตัวเองวิ่งได้เร็วที่สุดในโลก จึงไปเห็นเต่าที่เดินช้า ๆ จึงท้าวิ่งแข่งกับเต่า พอถึงการแข่ง เริ่มกระต่ายแซงเต่าไปไกล  เต่าค่อย ๆ เดินไปเรื่อย กระต่ายเห็นเต่าแต่ไกล เลยนอนหลับรอ กระต่ายนอนหลับเพลิน จนตื่นมาพบว่าเต่าใกล้จะเดินถึงเส้นชัยอีกไม่กี่ก้าว จึงรีบวิ่งตาม แต่ก็ไม่ทันเสียแล้ว เต่าชนะกระต่าย
2338,สาธุ มีความหมายว่าอย่างไร,มีความหมายว่า เห็นชอบ ชอบแล้ว
2478,การกินมาม่านาน ๆ จะเกิดผลอย่างไรต่อร่างกาย,เนื่องจากบะหมี่กึ่งสำเร็จรูปหรือที่เรียกกันว่า มาม่า เป็นอาหารที่มีโซเดียมสูง หากบริโภคเป็นประจำหรือติดต่อกันเป็นเวลานาน อาจมีความเสี่ยงต่อการเกิดโรคความดันโลหิตสูง หัวใจทำงานหนักขึ้น และหัวใจวายได้ในที่สุด
1945,ทำไมชาวอิตาเลี่ยนถึงไม่พอใจเวลาเห็นพิซซ่าฮาวายเอี้ยน,เพราะพิซซ่าฮาวายเอี้ยนเป็นพิซซ่าที่ใส่สับปะรด ซึ่งชาวอิตาเลี่ยนมองสับปะรดเป็นของหวานไม่ควรนำมาใส่ในของคาวอย่างพิซซ่า แถมบางคนให้ความเห็นเมนูพิซซ่าฮาวายเอี้ยนนี้ถึงขั้นทำลายอัตลักษณ์ของอาหารอิตาเลี่ยนทีเดียว
794,พันเจียคืออะไร,พันเจียคือทวีปของโลกที่แผ่นดินเป็นแผ่นเดียวกันเมื่อ 200-135 ล้านปีที่แล้ว ตามทฤษฎีทวีปเลื่อน
1427,การโคลนนิ่งทำกับกระบือได้หรือไม่,โดยหลักการแล้วถือว่าทำได้ การโคลนนิ่งทำกับกระบือได้
1474,กัลปังหา คืออะไรหรอ,คือสัตว์ทะเลไม่มีกระดูกสันหลังชนิดหนึ่ง
2656,ลูกพลับในไทยปลูกกันที่ไหน,ปลูกในพื้นราบของจังหวัดเชียงใหม่และเชียงราย เพราะพลับต้องการอากาศหนาวเย็นถึงจะเติบโตได้ดีและพื้นที่พื้นราบของจังหวัดเชียงใหม่และเชียงรายมีระดับความสูงที่เหมาะสมกับการปลูกต้นพลับ
789,จะเกิดอะไรขึ้นหากปล่อยปลาทองลงสู่แหล่งน้ำตามธรรมชาติ,เคยมีกรณีศึกษาเกิดขึ้น เมื่อปี พ.ศ.2559 ได้มีรายงานว่านักวิจัยแห่งมหาวิทยาลัยเมอร์ดอค ประเทศออสเตรเลีย พบปลาทองในแม่น้ำวาส (Vasse River) ของออสเตรเลียขนาดใหญ่ยาวถึง 16 นิ้ว น้ำหนักสูงสุดถึง 4 ปอนด์ จากที่มีผู้ลักลอบนำปลาทองมาปล่อยลงแหล่งน้ำธรรมชาติ ผลลัพธ์จากการกระทำดังกล่าวทำให้ระบบนิเวศเสียหาย ปลาทองแพร่พันธุ์ ไม่มีนักล่า แถมปลาทองกินพืชน้ำแบบขุดรากถอนโคน ทำให้ปริมาณพืชน้ำมีจำนวนลดลงและยังเป็นพาหะโรคภัยต่อสัตว์น้ำชนิดอื่น ๆ ด้วย ดังนั้น ไม่ควรปล่อยปลาทองลงแหล่งน้ำธรรมชาติ
501,"เรียบเรียงประโยคนี้ใหม่ ให้ดูสุภาพ เคารพและให้เกียรติผู้ฟังอย่างที่สุด ฟังแล้วดูผู้พูดมีความยำเกรงต่อคู่สนทนาอย่างมาก ฟังแล้วรู้สึกได้ถึงความนอบน้อมอย่างมากที่สุด

""เรื่องของมึง กูไม่อยากจะยุ่งด้วย""",กระผม/ดิฉันไม่มีความคิดเห็นใด ๆ เกี่ยวกับเรื่องนี้ และไม่มีความประสงค์ที่จะรับรู้หรือตัดสินเรื่องที่คุณกำลังเผชิญ
2222,ต้นกำเนิดหรือจุดเริ่มต้นของแม่น้ำเจ้าพระยาอยู่ที่ไหน,บริเวณแหลมเกาะยม ตำบลปากน้ำโพ อำเภอเมืองนครสวรรค์ เป็นที่บรรจบของแม่น้ำปิง วังและแม่น้ำยม
1237,ธาตุอาร์กอนเกิดขึ้นได้ยังไง,อาร์กอนเกิดจากการแยกอากาศ ออกเป็น ไนโตรเจน ออกซิเจน และส่วนที่เหลือ เป็น คาร์บอนไดออกไซด์ และ อาร์กอน(มีสีเหลือง)
944,Home Sweet Home เป็นเกมแนวไหนและมีถิ่นกำเนิดจากประเทศใด,Home Sweet Home เป็นเกมแนวผจญภัยสยองขวัญมุมมองบุคคลที่หนึ่งสร้างจากความเชื่อของคนไทย เป็นเกมที่มีถิ่นกำเนิดมาจากประเทศไทย
2620,เวียดนามมีปัญหาเรื่องการตากข้าวบนถนนเหมือนกับไทยไหม,มี เวียดนามมีปัญหาเรื่องการตากข้าวบนถนนเหมือนกันกับไทย
211,"จงจัดจำแนกข้อความต่อไปนี้ว่าเป็น neutral, negative หรือ positive
ข้อความ: ผมชอบคุณมาก ๆ",positive
32,"เขียนบทความ ""ออมเงินเหรียญในกระปุกแบบไม่ต้องนับทีละเหรียญว่ามีเงินกี่บาท !!!"" ให้หน่อย","สวัสดีนักออมเงินทุกท่าน วันนี้เราขอนำเสนอวิธีการออมเงินเหรียญในกระปุกแบบไม่ต้องนับทีละเหรียญว่ามีเงินกี่บาท สะดวกกว่าเมื่อนำเงินไปฝากธนาคาร
1. เลือกกระปุกให้เก็บเหรียญชนิดเดียวกันเท่านั้น เช่น กระปุกเหรียญ 5 บาท เป็นต้น
2. ชั่วน้ำหนักของกระปุกออกสินแล้วบันทึกไว้ โดย
◦  เหรียญ 1 บาท 1 เหรียญมีน้ำหนัก 3 กรัม
◦ เหรียญ 2 บาท 1 เหรียญมีน้ำหนัก 4.4 กรัม
◦ เหรียญ 5 บาท 1 เหรียญมีน้ำหนัก 7 กรัม
◦ เหรียญ 10 บาท 1 เหรียญมีน้ำหนัก 8.5 กรัม
3. เมื่อต้องการเอาเงินไปฝากเอากระปุกออมสินไปชั่วน้ำหนัก - น้ำหนักของกระปุกออมสิน แล้วเอาน้ำหนักเหรียญไปหารด้วยน้ำหนักของเหรียญนั้น 1 เหรียญ แล้วคูณด้วยค่าของเหรียญ
แค่นี้เราไม่ต้องมานั่งนับทีละเหรียญในกระปุกว่ามีกี่บาทแล้ว :)"
879,สีของเปลวไฟจากธาตุโลหะเกี่ยวข้องกับการเผาไหม้ใช่หรือไม่,ไม่ใช่ สีของเปลวไฟเป็นหนึ่งในสมบัติของธาตุโลหะ
2588,ช่วยคิดเรื่อความฝันตอนนอนสนุก ๆ ให้สักเรื่องหน่อย,ฉันเข้านอนแต่หัวค่ำ แล้วฝัน ฉันเดินไปเดินมาในบ้านหลังหนึ่ง มีแต่พื้นที่ว่างเปล่า ทันใดนั้น เงามืดก็ปรากฏขึ้นมา ฉันสะดุดตื่นขึ้นมา ปรากฏว่าแมวของฉันกระโดดขึ้นมาโดนใบหน้าฉัน
14,"เขียนบทความ ""ภาพเคลื่อนไหวPNG (APNG) ทำไมไม่นิยมใช้กัน""","ภาพเคลื่อนไหว PNG (APNG ย่อมาจาก Animated Portable Network Graphics) มีรูปแบบส่วนขยายของแฟ้มเป็น .png .apng สามารถเคลื่อนไหวได้และเป็นOpen format ครับ โดย APNG นำข้อดีของ PNG มาเพิ่มเติม คือ ทำเป็นภาพเคลื่อนไหวได้ APNG  และสามารถแสดงสีมากกว่า GIF 256 สี เป็นต้น
## ประวัติของ APNG
ถูกสร้างขึ้นในปี 2004 โดย Stuart Parmenter and Vladimir Vukićević ของ บริษัท Mozilla แต่กลุ่ม PNG ได้ปฏิเสธ APNG อย่างเป็นทางการ เป็นส่วนขยายอย่างเป็นทางการเมื่อ 20 เมษายน 2007  มีข้อเสนอมาหลายรูปแบบที่เรียบง่ายกราฟิกเคลื่อนไหวบนพื้นฐานของ PNG ใช้วิธีการที่แตกต่างกัน ต่อมาMozillaได้ปล่อยFirefox รุ่นที่ 3 รองรับ APNG เป็นต้นมาถึงปัจจุบัน ด้วยเหตุนี้ทำให้ตอนนี้มีเพียง Mozilla Firefox ที่รองรับ APNG
## บทวิเคราะห์อนาคต APNG จากทางเว็บ
ปัจจุบันนี้ไม่มีข่าวว่าโปรแกรมท่องอินเทอร์เน็ตของค่ายอื่นๆที่จะรองรับ APNG เพิ่มเลย ดังนั้นในอนาคตอาจไม่มีการนำ APNG ไปใช้งาน เพราะโปรแกรมท่องอินเทอร์เน็ตของค่ายอื่น ๆ ไม่รองรับAPNG และโปรแกรมจำนวนมากไม่สามารถอ่านไฟล์ภาพเคลื่อนไหวได้ ทำให้ APNG อาจตายไปในที่สุดในอนาคต"
93,วิธีที่ดีที่สุดในการทำเสื้อยืดคืออะไร?,วิธีที่ดีที่สุดในการทำเสื้อยืดคือการใช้จักรเย็บผ้า คุณยังสามารถใช้ตะเข็บเซอร์เกอร์หรือโอเวอร์ล็อคเพื่อสร้างเสื้อเชิ้ตที่ดูเรียบร้อยและเป็นมืออาชีพ นอกจากนี้ คุณอาจต้องการพิจารณาเพิ่มการตกแต่งหรือการเย็บตกแต่งรอบๆ คอเสื้อ แขนเสื้อ และชายเสื้อของคุณเพื่อเพิ่มรายละเอียด
2281,มะยงชิดต่างจากมะปรางอย่างไร,"- สีของผล: มะยงชิดสุกแล้วจะมีสีเหลืองอมส้มและมีสีเข้มกว่ามะปราง ขณะที่มะปรางจะมีสีเหลืองอ่อน ๆ
- รสชาติ: มะยงชิดจะมีรสชาติเปรี้ยวอมหวาน หรือ เนื้อหวานที่ติดเปรี้ยวเล็กน้อย ขณะที่มะปรางจะหวานละมุน
- ขนาดเมล็ด: มะยงชิดจะมีขนาดเมล็ดเล็กกว่ามะปราง
- ขนาดผล: ผลของมะยมชิดมีขนาดใหญ่กว่ามะปราง"
2517,"จงเรียงลำดับประสิทธิภาพในการนำไฟฟ้าจากมากไปน้อย ตามวัสดุต่อไปนี้:
อลูมิเนียม ทองแดง เงิน ทองคำ","1. เงิน
2. ทองแดง
3. ทองคำ
4. อลูมิเนียม"
149,เม็กซิโกคืออะไร?,เม็กซิโกเป็นประเทศในทวีปอเมริกาเหนือ
309,"จงเติมคำที่หายไปใน _ ของประโยค ""ผม_ข้าว"" โดยมีตัวเลือกดังนี้ กิน, นอน, เล่น",กิน
785,ดาวเทียมดวงแรกของประเทศไทยคืออะไร?,"ดาวเทียมดวงแรกของประเทศไทยคือ ""ไทยคม 1"""
2025,พญานาคมีจริงไหม,คำถามนี้ยังคงเป็นที่ถกกันในปัจจุบัน มีบันทึกมากมายกล่าวถึงพญานาคแต่ปัจจุบันยังไม่มีการค้นพบพญานาค ดังนั้นยังไม่สามารถสรุปได้ว่าพญานาคมีจริงหรือไม่
2023,มาตรฐาน OpenDocument ดีกว่ามาตรฐาน Office Open XML จากฝั่งไมโครซอฟท์อย่างไร,มาตรฐาน OpenDocument ดีกว่ามาตรฐาน Office Open XML จากฝั่งไมโครซอฟท์โดยเป็นมาตรฐานเปิดที่โปรแกรมแก้ไขเอกสารทุกโปรแกรมในปัจจุบันรองรับ ไม่ได้ขึ้นกับมาตรฐานของบริษัทใด และไม่มีปัญหาเรื่องความเข้ากันได้ต่างรุ่น เช่น หากคุณสร้างเอกสารที่ใช้มาตรฐาน OpenDocument บน LibreOffice Write จะยังสามารถเปิดได้บน Microsoft Word ขณะที่ เอกสาร Office Open XML หากเปิดต่างรุ่นไม่สามารถทำได้ เช่น Microsoft Word 2010 ไม่สามารถเปิดได้บน Microsoft Word 2007 ขณะที่มาตรฐาน OpenDocument ไม่มีปัญหานี้
1670,อักษร只 (zhi1) ในพจนานุกรมจัดเป็นอักษรตัวย่อ (ตัวตัด/ประยุกต์) และมีอักษรตัวเต็มในวงเล็บกำกับไว้ข้างๆแต่ทำไม ถึงนิยมใช้อักษร只 ตัวตัดร่วมกับตัวเต็ม?/ทำไมไม่ใช้อักษรตัวเต็มล่ะคับ?คือเมื่อก่อนเข้าใจว่าเป็นอักษรตัวนี้เป็นอักษรตัวเต็มน่ะครับ แต่พจนานุกรม มีอักษรตัวเต็มในวงเล็บข้างๆกำกับไว้,"อักษรตัวนี้เป็นได้ทั้งตัวย่อและตัวเต็ม เนื่องจากอักษรนี้ 只 (zhi1, zhi3) เคยมีความหมายมาก่อนในแบบตัวเต็ม ในเวลาต่อมาเมื่อมีการย่ออักษร ก็กลายเป็นว่าคำอื่นก็สามารถเขียนให้อยู่ในรูปเดียวกันได้ด้วย ได้แก่ 隻→只 (zhi1) และ 祇→只 (zhi3) นอกจากนั้นบางภาษาที่ใช้อักษรจีน เช่นภาษาไต้หวัน ก็ไม่มีการแบ่งแยกว่าอันไหนตัวเต็มหรือตัวย่อ ขอให้เขียนง่ายก็พอ"
1978,ตัวอักษรไทยถูกประดิษฐ์ขึ้นเมื่อปีใด,ตัวอักษรไทยถูกประดิษฐ์ขึ้นเมื่อปี พ.ศ.1826 หรือ ค.ศ.1283 โดยพ่อขุนรามคำแหงมหาราชเป็นผู้ประดิษฐ์ตัวอักษรไทย
691,"จากข้อความต่อไปให้ตอบคำถามด้วย ใช่/ไม่
ข้อความ: ยาช่วยรักษาโรค
คำถาม: ยาช่วยรักษาโรคใช่หรือไม่",ใช่
423,ถ่ายคลิปตำรวจขณะปฎิบัติหน้าที่มีความผิดหรือไม่,ไม่มีความผิด ตามประมวลกฎหมายอาญา มาตรา 329 การที่ประชาชนบันทึกภาพหรือวิดีโอ ขณะเจ้าหน้าที่ตำรวจทำการตรวจค้น เนื่องจากกลัวว่าจะถูกยัดของกลางนั้นสามารถทำได้ แต่ต้องไม่เป็นการขัดขวางการแฎิบัติงานของเจ้าพนักงาน และหากเจ้าพนักงานกระทำผิดจริงสามารถนำภาพหรือคลิปมาเปิดเผยได้โดยไม่เป็นการหมิ่นประมาท แต่ต้องไม่ทำการดัดแปลงแก้ไขภาพหรือคลิปในลักษณะนำความเท็จมาเผยแพร่
1399,พลังงานดวงอาทิตย์ใช้ประโยชน์อะไรได้บ้าง,สำหรับพลังงานที่ได้จากดวงอาทิตย์ ในแบบที่มนุษย์ใช้ในปัจจุบัน คุณอาจหมายถึงพลังงานแสงอาทิตย์ เนื่องจากการใช้พลังงานแสงอาทิตย์ หรือพลังงานแสงแดดนั้น ยังอาจใช้เป็นพลังงานความร้อนโดยตรง เช่น มีผู้นำไปประยุกต์ใช้ในการทำอาหาร ก่อไฟ และอื่นๆ โดยใช้หลักการรวบรวมแสง หรือคลื่นความร้อน ฯลฯ
1744,ถ้าเกิดว่าผู้หญิงมีกรุ๊ปเลือดเป็น O แล้วแต่งานกับชายกรุ๊บเลือด AB ลูกจะมีโอกาสเป็นกรุ๊ปเลือดอะไรได้บ้าง,ลูกจะมีโอกาสเป็นกรุ๊ป A กับ B ในอัตราส่วน 1 : 1
2907,จงตัดคำด้วยเครื่องหมาย | ในข้อความต่อไปนี้: คอมพิวเตอร์กำลังประมวลผลข้อมูลขนาดใหญ่อยู่,ตัดคำด้วยเครื่องหมาย | ได้ดังนี้: คอมพิวเตอร์|กำลัง|ประมวลผล|ข้อมูล|ขนาด|ใหญ่|อยู่
1566,ตำแหน่งที่ตั้งของลอนดอนพิกัดภูมิศาสตร์คืออะไร,"ใช้พิกัดภูมิศาสตร์ที่ 51°30'28"" เหนือ 00°07'41"" ตะวันตก "
680,"จากข้อความต่อไปให้ตอบคำถามด้วย ใช่/ไม่
ข้อความ: บัวอยู่ในสระน้ำ
คำถาม: บัวอยู่ในสระน้ำใช่หรือไม่",ใช่
1351,ทำไมพวกเราไม่ต่อต้านนักการเมืองที่โกงงบประมาณของประเทศ เพื่อมิให้นักการเมืองขี้ฉ้อทั้งหลายโกงงบประมาณของแผ่นดินแม้แต่บาท,เรื่องนี้คงต้องขึ้นกับจิตสำนึกของประชาชนอีกทั้งยังมีนักการเมืองหลายท่าน ที่เป็นที่รักและเทิดทูนของประชาชนกลุ่มใหญ่ จึงไม่ใช่เรื่องง่ายที่จะต่อต้าน ส่วนที่ว่า แม้แต่บาทเดียว นั้น ละเอียดเกินไป มันมีช่องโหว่ในทุก ๆ ที่ บางนิตยสารมีกล่าวถึงว่า แม้แต่ในสหราชอาณาจักร ก็ยังมีการแฉว่านักการเมืองที่นั่น เบิกเงินค่าต่างๆจิปาถะ (สำหรับใช้เป็นการส่วนตัว) ซึ่งอาจไม่เหมาะสม นอกจากนี้ หลาย ๆ โครงการที่เกิดความล่าช้า ประชาชนเกิดความไม่พอใจที่ต้องรอนานเกินไปมาก ส่วนหนึ่งก็เนื่องมาจากระเบียบราชการ ที่ป้องกันการทุจริต ต้องผ่านขั้นตอนโน้นนี้เยอะแยะ หรือเกิดจากการกลัวการทุจริต ทำให้ต้องตรวจสอบหลายขั้นตอน หรือถูกกล่าวหาโดยฝ่ายตรงข้าม (บางครั้งอาจจะไม่ได้คอรัปชั่นกันจริง แต่ถูกให้ร้าย ก็มีเช่นกัน)
2302,หลักกิโลเมตรใช้ทำอะไร,เป็นตัวบอกระยะทางของจุดหมายปลายทางที่เราจะไป ว่ามีระยะทางเท่าไรอีกกี่กิโลเมตรจึงจะถึงจุดหมาย และยังบอกตำแหน่งว่าเรากำลังอยู่ที่ไหนด้วย
554,น้ำท่วมใหญ่ 2554 เกิดจากอะไร,เกิดขึ้นจากพายุโซนร้อนกำลังแรงนกเต็นขึ้นฝั่งทางตอนเหนือของเวียดนาม ทำให้เกิดฝนตกหนักทางภาคเหนือกับภาคะวันออกเฉียงเหนือของประเทศไทย หลังฝนตกหนักทำให้น้ำไหลไปลงแม่น้ำเจ้าพระยาจำนวนมากจากแม่น้ำสาขา ส่งผลให้น้ำเริ่มเต็มปริมาณความจุของเขื่อนจึงต้องเร่งระบายน้ำออกส่งผลให้พื้นที่ริมแม่น้ำเจ้าพระยามีน้ำท่วมรวมถึงกรุงเทพมหานคร และหลายจังหวัดทั่วประเทศเกิดน้ำท่วมหนัก
3015,"จงตอบคำถามต่อไปนี้เป็นภาษาอังกฤษเท่านั้น:
ความแตกต่างระหว่าง Mac กับ Windows คืออะไร","Mac is exclusive to Apple computers, while Windows runs on a wide range of PCs and laptops. Mac has a simpler design and interface, while Windows is more diverse and customizable. Mac is less vulnerable to viruses and malware, while Windows is more often the target of attacks."
2914,จงแต่งประโยคตามไวยากรณ์นี้มา 1 ประโยค: ประธาน กิริยา,แต่งประโยคตามไวยากรณ์ ประธาน กิริยา ได้ดังนี้: เต่า คลาน
2639,ชาวเลอยู่ที่ไหน,ชาวเลเป็นกลุ่มชาติพันธุ์ที่อยู่ทางใต้ของไทยและในประเทศเพื่อนบ้านอย่างเมียนมา
188,มีวิธีหาอายุของวัตถุโบราณหรือของโบราณโดยไม่ให้เกิดความเสียหายไหม?,คุณสามารถใช้วิธีหาอายุจากคาร์บอนกัมมันตรังสีเพื่อหาอายุของวัตถุโบราณหรือของโบราณโดยไม่ให้เกิดความเสียหายได้
1159,โลกเกิดมาเพราะเหตุใด,โลกเกิดจากการรวมตัวของอนุภาคและสิ่งแรกที่เกิดครั้งแรกคือภูเขาไฟเมื่อภูเขาไฟเย็นตัวลงจะก่อเกิดสิ่งมีชีวิตอื่น ๆ กำเนิดตาม
1404,อุณหภูมิสูงสุด-ต่ำสุดในเทอร์มอมิเตอร์ใช้วัดไข้คืออะไร,ไม่สามารถบอกได้อย่างแน่นอน ขึ้นอยู่กับบริษัทผู้ผลิตเทอร์มอมิเตอร์
2700,ถ้าพรุ่งนี้มีเรียนแต่เช้าควรเตรียมตัวอย่างไรบ้าง,ขอแนะนำให้คุณเตรียมตัวให้พร้อม รีดผ้า จัดกระเป๋าเป้ของคุณให้พร้อม แล้วนอนไม่ดึก ตั้งนาฬิกาปลุก เพียงเท่านี้คุณก็พร้อมสำหรับการเรียนในตอนเช้าของวันพรุ่งนี้
1860,คนไทยมีความเชื่ออย่างไรเกี่ยวกับการเล่นหมากเก็บในเวลากลางคืน,คนไทยมีความเชื่อที่เล่าต่อกันมาว่า ห้ามเล่นหมากเก็บตอนกลางคืน เพราะเป็นการเอากระดูกปู่ย่ามาโยนทิ้งเล่น ที่มีความเชื่อแบบนี้เกิดขึ้นคาดเดากันว่าเกิดจากผู้ใหญ่ต้องการให้เด็กเลิกเล่นในเวลากลางคืน เพื่อให้เข้านอนได้เร็ว
411,ขับรถเหยียบน้ำกระเด็นใส่คนอื่นมีโทษความผิดทางกฎหมายอย่างไร,"พระราชบัญญัติจราจรทางบก พ.ศ. 2522 และที่แก้ไขเพิ่มเติม มาตรา 43 (8) ประกอบมาตรา 158/1 ผู้ใดขับรถในลักษณะที่เห็นได้ว่าไม่คำนึงถึงความปลอดภัยในชีวิตหรือร่างกายของผู้อื่นต้องระวางโทษจำคุก ไม่เกิน 1 ปี หรือปรับตั้งแต่ 5,000 บาท ถึง 20,000 บาท หรือทั้งจำทั้งปรับ และหากมีทรัพย์สินเสียหายจากการที่รถยนต์เหยียบน้ำกระเด็นใส่ คนขับจะเข้าข่ายความผิดตามประมวลกฎหมายอาญาฐานทำให้เสียทรัพย์ ตามมาตรา 358 ต้องระวางโทษจำคุกไม่เกิน 3 ปี หรือปรับไม่เกิน 60,000 บาท หรือ ทั้งจำทั้งปรับ
นอกจากนี้ผู้เสียหายสามารถเรียกร้องค่าเสียหายจากเจ้าของรถได้ หากทรัพย์สินเสียหายจากการที่รถเหยียบน้ำกระเด็นใส่ ทั้งนี้ ตามประมวลกฎหมายแพ่งและพาณิชย์มาตรา 438 กำหนดให้ ค่าสินไหมทดแทนจะพึงใช้โดยสถานใดเพียงใดนั้น ให้ศาลวินิจฉัยตามควรแก่พฤติกรรมและความร้ายแรงแห่งการละเมิด"
1221,ฮอร์โมนพืชต่างจากสารควบคุมการเจริญเติบโตอย่างไร,ฮอร์โมนพืชเป็นสารที่พืชผลิตได้เอง ส่วนสารควบคุมการเจริญเติบโตของพืช เป็นสารสังเคราะห์
1022,คิดคำคมเกี่ยวกับการใช้ชีวิตให้หน่อย,ชีวิตคือการต่อสู้ จงอย่ายอมแพ้ แม้ว่ามันจะยากลําบากเพียงใด บางครั้งเราอาจต้องยอมเสียสละบางอย่างเพื่อให้ได้มาซึ่งสิ่งที่เราต้องการ ใช้ชีวิตอย่างมีสติ มองโลกในแง่ดี และทําในสิ่งที่ถูกต้อง
1426,แก๊สอะไรที่ใช้ความดันสูงแล้วจะกลายเป็นของเหลว,แก๊สแทบทุกชนิด เมื่อมีความดันและอุณหภูมิที่เหมาะสม สามารถกลายเป็นของเหลวได้ทั้งนั้น ส่วนที่เว้นไว้ว่าแทบทุกชนิด นั่นก็เพราะว่าแก๊สบางชนิดกลายเป็นของแข็งเลย ไม่ผ่านของเหลวก่อน
1278,ผู้ที่พระราชทานนามใหม่ว่า พระปฐมเจดีย์ คือใคร,พระบาทสมเด็จพระจอมเกล้าเจ้าอยู่หัว
246,"สร้างโปรแกรมที่เรียงลำดับรายการตัวเลขจากน้อยไปหามาก: [7, 3, 5, 10, 1]","```python
numbers = [7, 3, 5, 10, 1]
sorted_numbers = sorted(numbers)
print(sorted_numbers)
```"
685,"จากข้อความต่อไปให้ตอบคำถามด้วย ใช่/ไม่
ข้อความ: การไปอวกาศนั้นลำบาก เพราะไม่มีอากาศให้หายใจ ทำให้ไม่มีเสียงในอวกาศและไม่ได้ยินเสียง
คำถาม: เปิดเพลงในอวกาศจะได้ยินเสียงใช่หรือไม่",ไม่
1575,โลกเกิดจากอะไร,ทฤษฎีหนึ่งก็ว่าเป็นสะเก็ดลูกไฟที่เกิดขึ้นตอนสร้างระบบสุริยะ ทฤษฎีหนึ่งก็ว่าเป็นการรวมตัวของฝุ่นผงในอวกาศ แต่ถ้าไปถามคริสเตียนก็จะตอบว่าพระเจ้าสร้างโลก
3098,"นับจำนวนคำว่า ""คน"" ปรากฏในข้อความต่อไปนี้กี่ครั้ง:
คนดีอยู่ที่ไหน คนดีอยู่นี่ แล้วคนนั้นเขาทำอะไร","3 ครั้ง
เพราะจากข้อความ ""คนดีอยู่ที่ไหน คนดีอยู่นี่ แล้วคนนั้นเขาทำอะไร"" มีคำว่า ""คน"" ปรากฏอยู่จำนวน 3 ครั้ง"
810,อธิบายการสังเคราะห์แสงของพืชให้หน่อย ขอแบบง่าย ๆ,การสังเคราะห์แสงของพืช (photosynthesis) เกิดขึ้นคลอโรพลาสต์ในพืช โดยนำแก๊สคาร์บอนไดออกไซด์จากการหายใจของพืช น้ำ และแสงจากดวงอาทิตย์มาเปลี่ยนให้เป็นพลังงานให้กับพืช ผลที่ได้จากการสังเคราะห์แสงจะได้น้ำตาลและแก๊สออกซิเจน ออกมา โดยน้ำตาลที่ได้จะถูกนำไปกับกระบวนการหายใจของพืชต่อไป
557,"จงแปลข้อความต่อไปนี้จากภาษาไทยเป็นภาษาอังกฤษ:
คุณมีหนังสือพิมพ์ไหม",Do you have any newspaper?
2766,จริงหรือไม่ที่สื่อสังคมออนไลน์ทำให้เกิดการแตกแยกในสังคมมากขึ้น,จริง สื่อสังคมออนไลน์ทำให้เกิดความแตกแยก สร้างความเกลียดชังในสังคมมากขึ้น เนื่องจากผู้ให้บริการสื่อสังคมออนไลน์ต้องการให้ผู้คนอยู่กับบริการของตนให้นานที่สุด เพื่อที่จะสร้างรายได้จากการโฆษณาจึงใช้วิธีการต่าง ๆ ในการคัดกรองเนื้อหาที่ผู้ใช้บริการอาจจะสนใจ ไม่ว่าจะเป็นเรื่องความบันเทิง ข่าวสาร รวมถึงข่าวการเมืองที่อาจมีการใส่ป้ายสีกัน ข่าวปลอม และปัญหาการใส่ร้ายกันในสื่อออนไลน์ จากการที่สื่อสังคมออนไลน์คัดมาเฉพาะสื่อที่ผู้ใช้บริการสนใจ ทำให้ผู้ใช้บริการได้รับข้อมูลข่าวสารด้านเดียวที่อาจจะไม่ถูกต้อง ยกตัวอย่างเช่นกรณีเกิดเหตุฆาตกรรมในอินเดีย เพราะคนเชื่อข่าวปลอมเรื่องลักพาตัวเด็กที่แชร์ใน WhatsApp เมื่อปี ค.ศ. 2018 ที่มา https://www.blognone.com/node/103603 เป็นต้น
1562,วิวัฒนาการของมนุษย์อยู่ในยุคใด,"วิวัฒนาการของมนุษย์มีอยู่ในทุกยุค เพราะวิวัฒนาการไม่มีวันหยุด ร่างกาย อวัยวะทุกส่วนทำงานและมีการปรับตัวอยู่ตลอดเวลาเพื่อให้สามารถรักษาชีวิตใหอยู่รอดตามสภาพแวดล้อมที่มีการเปลี่ยนแปลงอยู่ตลอดเวลาเช่นกัน แต่เนื่องจากว่าวิวัฒนาการต้องใช้เวลายาวนานมาก ๆ อาจใช้เวลาหลายร้อยจนถึงหลายล้านปีเพื่อที่จะเห็นความแตกต่างของการเปลี่ยนแปลง ตลอดอายุไขของมนุษย์จึงอาจไม่เห็นการเปลี่ยนแปลงใด ๆ เกิดขึ้น แต่ถ้าเกิดการเปลี่ยนแปลงอย่างกะทันหันก็คงจะเรียกว่าการกลายพันธุ์ หลักฐานทางดีเอ็นเอระบุว่ามนุษย์น่าจะเริ่มต้นเมื่อประมาณ 200,000 ปีที่แล้วในแอฟริกา"
949,การรบครั้งแรกของไทย สมัยกรุงเทพฯ รบกับใคร ?,โปรดให้พระยานครสวรรค์เกณฑ์ทัพเขมรไปรบญวนไซ่ง่อนเมื่อ พ.ศ. ๒๓๒๖
2718,การที่นายกรัฐมนตรีไม่ได้มาจากพรรคที่ได้รับคะแนนจากการเลือกตั้งมากที่สุดถือเป็นเรื่องปกติของสังคมโลกไหม,ถือเป็นเรื่องปกติสำหรับประเทศที่ใช้ระบบรัฐสภาทั่วโลก พรรคที่ได้คะแนนเสียงมากที่สุดไม่ได้หมายความว่าจะได้เป็นฝ่ายจัดตั้งรัฐบาล หากไม่สามารถรวมเสียงข้างมากในรัฐสภาได้ และฝ่ายที่สามารถรวมเสียงข้างมากในรัฐสภาได้จะได้เป็นฝ่ายจัดตั้งรัฐบาลเป็นรัฐบาลผสม
1263,ทำไมถึงต้องตัดดาวพลูโตออกจากดาวเคราะห์ 8 ดวง,"อาจสรุปได้ว่า ดาวพลูโตมีลักษณะเป็น ""ดาวเคราะห์แคระ"" (หรือบางแหล่งข้อมูลก็อาจมองว่าเป็น ""ดาวเคราะห์น้อย"") มากกว่าที่จะเป็น ""ดาวเคราะห์""

นี่คือนิยมของดาวเคราะห์แคระ
- อยู่ในวงโคจรรอบดาวฤกษ์ แต่ตัวมันเองไม่ใช่ดาวฤกษ์
- มีมวลพอเพียงที่จะมีแรงโน้มถ่วงของตัวเอง เพื่อเอาชนะแรง rigid body forces ทำให้รูปทรงมีสมดุลไฮโดรสแตติก (เกือบเป็นทรงกลมสมบูรณ์)
- ไม่สามารถควบคุมแรงดึงดูดและวงโคจรของสิ่งต่าง ๆ ที่อยู่รอบวงโคจรของมัน
- ไม่ใช่ดวงจันทร์บริวาร
และนี่คือนิยามของดาวเคราะห์ 1. เป็นดาวที่โคจรรอบดาวฤกษ์ ซึ่งในที่นี้หมายถึงดวงอาทิตย์ แต่ไม่ใช่ดาวฤกษ์ และไม่ใช่ดวงจันทร์บริวาร 2. มีมวลมากพอที่จะมีแรงโน้มถ่วงดึงดูดตัวเองให้อยู่ในสภาวะสมดุลอุทกสถิต หรือรูปร่างใกล้เคียงกับทรงกลม 3. มีวงโคจรที่ชัดเจนและสอดคล้องกับดาวเคราะห์ข้างเคียง 4. มีขนาดเส้นผ่านศูนย์กลางอย่างน้อย 500 ไมล์ (804.63 กิโลเมตร) ซึ่งดาวพลูโตไม่ผ่านข้อ 3"
439,ผู้ที่ถูกแอบอ้างใช้ภาพหรือชื่อมาทำเฟซบุ๊กปลอม ควรทำอย่างไร,"1. ตั้งสติอย่าเพิ่งตระหนกตกใจ ทุกอย่างมีทางแก้
2. แจ้งความลงบันทึกประจำวัน ที่สถานีตำรวจท้องที่ที่เราอาศัยอยู่ในปัจจุบัน โดยให้แจ้งว่ามีคนใช้ชื่อ นามสกุล และรูปเราในเฟซบุ๊กอื่น โดยให้ระบุชื่อลิงก์เฟซบุ๊กของเราไว้ด้วย เพราะลิงก์ไม่สามารถใช้ซ้ำกันได้ www.facebook.com/ต่อด้วยชื่อลิงก์เฟซบุ๊กของเรา หากมีคนเจตนาไม่ดี นำชื่อเราไปแอบอ้าง อย่างน้อยเราก็ได้ลงบันทึกไว้แล้วว่าไม่ใช่ตัวเรา
3. ลองติดต่อเจ้าของเฟซบุ๊ก ที่นำภาพหรือชื่อเราไปใช้ โดยการแชทไปหา ถ้าไม่มีการตอบรับ ลองไปดูรูปหน้าไทม์ไลน์บนเฟซบุ๊กนั้น ดูข้อมูลต่าง ๆ เช่น ข้อมูลเพื่อน ๆ ของคนที่เอาชื่อเราไปใช้ที่มาคอมเมนต์รูป แล้วส่งข้อความไปหาหลาย ๆ คน เพื่อสอบถาม ด้วยวิธีการนี้อาจทำให้เราสามารถติดต่อเจ้าของเฟซบุ๊ก ที่แอบอ้างนำชื่อเราไปใช้ได้
4. ให้ตัวเราเองเป็นผู้รายงานไปยังเฟซบุ๊กว่ามีผู้แอบอ้างใช้ชื่อเรา โดยการไปที่หน้าเฟซบุ๊กของคนที่แอบอ้างเป็นชื่อเรา ซึ่งจะมีสัญลักษณ์จุดสามจุด หลังปุ่มข้อความ ให้คลิกไปที่ “รายงาน/บล็อก” จากนั้นให้เลือกที่ “ส่งรายงาน” เลือกไปที่“รายงานบัญชีผู้ใช้ของ” (ตรงนี้จะเป็นชื่อของเฟซบุ๊กที่อ้างว่าเป็นเรา), แล้วคลิก “ยืนยัน” จากนั้นเลือกที่หัวข้อ “ไทม์ไลน์นี้แอบอ้างว่าเป็นฉันหรือบุคคลที่ฉันรู้จัก” และเลือกที่หัวข้อ “แอบอ้างว่าเป็นฉัน” แล้วเลือก “ดำเนินการต่อ” เท่านี้ก็เสร็จสิ้นกระบวนการรายงาน"
1825,ปุจฉา ถ้าเกิดว่า ดวงอาทิตย์ดับ(มืด) พระจันทร์ดับ(มืด) เครื่องบอกเวลาไม่ทำงาน เราจะทราบได้อยู่ไหม,"- สมมติหากดวงอาทิตย์ดับ (มืด) จะยังไม่ทราบในทันที เพราะโลกอยู่ห่างจากดวงอาทิตย์ ประมาณ 8 นาทีแสงกว่าๆ จึงต้องเป็น 8 นาทีกว่าๆหลังจากที่ดวงอาทิตย์ดับจึงจะเห็นว่าไม่มีแสงอาทิตย์ แต่โดยทฤษฎีดาวฤกษ์ มันจะไม่ดับในทันที อีกหลายพันล้านปีข้างหน้าดวงอาทิตย์ยังสามารถขยายตัวใหญ่ขึ้นได้อีกซึ่งน่าจะกลืนกินโลกจนแหลกลาญ
- พระจันทร์ดับ(มืด) โลกอยู่ห่างจากดวงจันทร์ ประมาณ 1 วินาทีแสงกว่าๆเช่นกัน แต่บางคืนอาจไม่เห็นดวงจันทร์อยู่ก่อนแล้ว ผู้คนก็อาจจะไม่ทราบว่าดวงจันทร์ดับ ดวงจันทร์ไม่มีแสงในตัวเอง ดวงจันทร์ได้รับแสงจากดวงอาทิตย์ จึงจะดับหลังจากดวงอาทิตย์ประมาณ 8 นาทีแสงกว่าๆตามไปด้วย
- เครื่องบอกเวลาไม่ทำงาน ในทางทฤษฎีสามารถทราบได้ทันทีที่มันหยุดทำงาน แต่ทางปฏิบัตินั้นเราคงไม่ได้อยู่เฝ้าเครื่องบอกเวลาตลอดเวลา ถ้าเครื่องบอกเวลาไม่ได้ใช้แสงอาทิตย์หรือแสงจันทร์ในการบอกเวลา และไม่ได้ใช้แสงอาทิตย์หรือแสงจันทร์เป็นแหล่งพลังงานในการเดินเครื่อง เหตุการณ์ทั้งสามก็ไม่จำเป็นต้องเกิดขึ้นพร้อมๆกัน อีกทั้งเครื่องบอกเวลาน่าจะยังคงทำงานต่อไปได้"
1295,รัฐธรรมนูญมีความเกี่ยวข้องกับชีวิตประจำวันอย่างไร,เป็นกฎหมายสูงสุดของรัฐ อธิบายการได้มาซึ่งอำนาจรัฐและวิธีการใช้อำนาจรัฐ บอกว่าทุกคนเป็นเจ้าของอำนาจอธิปไตย รับรองสิทธิเสรีภาพของประชาชน และระบุหน้าที่ของประชาชน - ในชีวิตประจำวันเราอาจไม่ได้ใช้รัฐธรรมนูญโดยตรง แต่ที่เรามีชีวิตประจำวันแบบนี้ ในบ้านเมืองแบบนี้ ส่วนหนึ่งก็เพราะรัฐธรรมนูญ - กิจกรรมที่เกี่ยวข้องกับรัฐ ส่วนใหญ่ได้กล่าวถึงไว้ในรัฐธรรมนูญ เช่น การเลือกตั้ง การเกณฑ์ทหาร การเสียภาษี (ในชีวิตประจำวัน ทุกครั้งที่ซื้อของเราก็มักต้องเสียภาษีมูลค่าเพิ่ม 7%) ฯลฯ
2808,ใครเป็นผู้เขียนเรื่อง เจ้าชายน้อย,อองตวน เดอ แซงเตก-ซูเปรี นักเขียนชาวฝรั่งเศส
621,"จำลองตัวเองว่าเป็นเชลล์เทอร์มินัล ไม่มีคำอธิบายใด ๆ มีเพียงผลลัพธ์เท่านั้น

`ls`","```sh
Applications Documents     Library      Music        Public
Desktop      Downloads     Movies       Pictures     opt
user@OpenAssistant ~ % 
```"
1918,ฟอนต์มาตรฐานราชการไทยมีอะไรบ้างและใครเป็นผู้ออกแบบ,"ฟอนต์มาตรฐานราชการไทย มีทั้งหมด 14 ฟอนต์ดังต่อไปนี้
1. สารบรรณ TH-Sarabun PSK, TH-Sarabun New ออกแบบโดย ศุภกิจ เฉลิมลาภ
2. จามรมาน TH-Charmonman ออกแบบโดย เอกลักษณ์ เพียรพนาเวช
3. ครับ TH-Krub ออกแบบโดย เอกลักษณ์ เพียรพนาเวช
4. ศรีศักดิ์ TH-Srisakdi ออกแบบโดย ทีมอักษราเมธี
5. นิรมิตร TH-Niramit AS ออกแบบโดย ทีมอักษราเมธี
6. จาม TH-Charm of AU ออกแบบโดย กัลยาณมิตร นรรัตน์พุทธิ
7. คชสาร TH-Kodchasal ออกแบบโดย กัลย์สุดา เปี่ยมประจักพงษ์
8. เคทูดี TH-K2D July8 ออกแบบโดย กานต์ รอดสวัสดิ์
9. มะลิ TH-Mali Grade 6 ออกแบบโดย สุดารัตน์ เลิศสีทอง
10. จักรเพชร TH-Chakra Petch ออกแบบโดย ธีรวัฒน์ พจน์วิบูลศิริ
11. ใบจามจุรี TH-Baijam ออกแบบโดย ทีม PITA (รพี สุวีรานนท์ และวิโรจน์ จิรพัฒนกุล)
12. กอฮอ TH-KoHo ออกแบบโดย กลุ่ม ก-ฮ (ขาม จาตุรงคกุล, กนกวรรณ แพนไธสง และขนิษฐา สิทธิแย้ม)
13. ฟ้ากว้าง TH-Fah Kwang ออกแบบโดย ทีมสิบเอ็ด (กิตติ ศิริรัตนบุญชัย และนิวัฒน์ ภัทโรวาสน์)
14. จุฬาภรณ์ลิขิต Chulabhorn Likit ออกแบบโดย ศาสตราจารย์ ดร.สมเด็จพระเจ้าน้องนางเธอ เจ้าฟ้าจุฬาภรณวลัยลักษณ์ อัครราชกุมารี กรมพระศรีสวางควัฒน วรขัตติยราชนารี"
2360,น้าหมายถึงใคร,น้าหมายถึงน้องของแม่
2845,ตอนนี้ปลูกข้าวอยู่เจอปัญหาอีกามากินเมล็ดข้าวทำอย่างไรดี,ขอแนะนำให้ใช้หุ่นไล่กา สามารถช่วยป้องกันอีกามากินเมล็ดข้าวแบบเบื้องต้นได้
2134,ซัมซุงละเมิดสิทธิบัตร Multi-touch ของแอปเปิลจริงหรือไม่,จริง จากคำตัดสินของศาลแคลิฟอร์เนีย สหรัฐอเมริกา เมื่อปี ค.ศ.2012 ได้ตัดสินซัมซุงละเมิดสิทธิบัตรหลายรายการของแอปเปิลรวมถึง Multi-touch และสั่งให้ซัมซุงชดใช้ให้แอปเปิลจำนวนมูลค่ามากกว่า 1 พันล้านดอลลาร์ ขณะเดียวกันศาลได้ตัดสินแอปเปิลไม่ได้ละเมิดสิทธิบัตรใด ๆ ของซัมซุง
1729,ทำไม ปลาน้ำลึกถึงไม่มีตา ช่วยตอบแบบวิทยาศาสตร์,ปลาน้ำลึก มีที้งที่มีตา และไม่มีตา เพราะว่า ในน้ำลึกๆ แสงไม่สามารถส่องลงไปถึงพื้นมหาสมุทรได้ ดวงตาจึงไม่มีความจำเป็นในการดำรงค์ชีวิต จำมีอย่างมากก็แค่ eye spot เป็นเพียงจุดรับแสงเท่านั้น ทำให้สัตว์ไปพึ่งประสาทสัมผัสอย่างอื่นมากกว่า เช่น การรับรู้ถึงกระแสไฟฟ้าของปลาฉลามหัวฆ้อน หรือว่าการรับรู้กลิ่นของ ปลาฉลาม หรืออย่างพวกสัตว์บกก็ เช่น การใช้คลื่นโซนาร์ในค้างคาว หรือการใช้การสัมผัสในตัวตุ่น
175,แอปใดดีที่สุดสำหรับผู้ใช้สมาร์ทโฟนมือใหม่,"แอพที่ดีที่สุดสำหรับผู้ใช้สมาร์ทโฟนมือใหม่ ได้แก่ Facebook, Instagram, Snapchat, Twitter, YouTube, Spotify และ Google Maps แอปเหล่านี้ช่วยให้การติดต่อกับเพื่อนและครอบครัวง่ายขึ้น ติดตามเนื้อหาใหม่ ๆ และฟังเพลง วิดีโอ และเนื้อหาอื่น ๆ"
582,ถ้ามีสัตว์เลี้ยงเพศเมียตัวเดียวในบ้าน ไม่มีตัวผู้ ควรทำหมันหรือไม่,ควร เพราะช่วยป้องกันโรคทางระบบสืบพันธุ์ เช่น ภาวะมดลูกอักเสบ และเนื้องอกระบบสืบพันธุ์
331,Symbain คืออะไร,ซิมเบียน (Symbian) คือ ระบบปฏิบัติการสำหรับโทรศัพท์เคลื่อนที่ เริ่มต้นพัฒนาโดยบริษัท Symbian Ltd. โดยออกแบบสำหรับทำงานเฉพาะหน่วยประมวลผล ARM
2228,รายงานงานวิจัย 5 บทประกอบด้วยบทอะไรบ้าง,"บทที่ 1 บทนํา
บทที่ 2 เอกสารและงานวิจัยที่เกี่ยวข้อง
บทที่ 3 วิธีดําเนินการวิจัย
บทที่ 4 ผลการวิเคราะห์ข้อมูล
บทที่ 5 สรุปผล การอภิปราย และข้อเสนอแนะ"
2154,การลอยกระทงโฟมมีผลเสียต่อสิ่งแวดล้อมอย่างไร,"การลอยกระทงโฟมมีผลเสียต่อสิ่งแวดล้อม ดังนี้
- ขัดขวางทางน้ำ
- เป็นขยะที่ย่อยสลายได้ยาก
- สารพิษในโฟมเป็นอันตรายต่อมนุษย์และสัตว์น้ำ
- สามารถก่อให้เกิดไมโครพลาสติกมีผลต่อสิ่งแวดล้อม"
1657,เกลือเกิดจากอะไร?,"1. เป็นปฏิกิริยาระหว่าง กรด + เบส → เกลือ + น้ำ
2. มาจากสารละลายเกลือ เช่นน้ำทะเล เมื่อน้ำระเหยไป เกลือจะตกผลึก"
1106,บ้านแห่งชาวโซเวียต อยู่ที่ไหน,บ้านแห่งชาวโซเวียต (House of Soviets) อยู่ที่ใจกลางนครคาลีนินกราด แคว้นคาลินินกราด รัสเซีย
2378,ทะเลสาบที่ใหญ่ที่สุดในไทยคือที่ไหน,ทะเลสาบสงขลา เป็นทะเลสาบที่ใหญ่ที่สุดในประเทศไทย
1732,พ่อกรุ๊ป B แม่กรุ๊ป O ลูกกรุ๊ป A ได้ไหม,"เป็นไปได้ ถ้าเลือดของพ่อมียีน IAi แม่มียีน IBi ลูกออกมาก็สามารถเป็น ii คือกรุ๊ปโอ แต่ก็มีโอกาสแค่ 1/4 ในกรณีที่ทราบว่า IAi กับ IBi และมีโอกาสแค่ 1/16 ในกรณีที่ไม่ทราบว่ามียีนอะไร
- ยีน IAIA และ IAi คือกรุ๊ปเอ
- ยีน IBIB และ IBi คือกรุ๊ปบี
- ยีน IAIB คือกรุ๊ปเอบี
- ยีน ii คือกรุ๊ปโอ"
857,ซุเปอร์โนวาเกิดขึ้นมาจากอะไรได้บ้าง,"1. แกนกลางของดาวฤกษ์มวลมากกว่าดวงอาทิตย์ระเบิดหลังจากเผาไหม้เชื้อเพลิงจนหมด
2. ดาวแคระขาวมีมวลมากเพิ่มขึ้นจนถึงจุดที่สามารถระเบิดนิวเคลียร์ฟิวชันได้"
3111,"ช่วยบอกฉันหน่อยคำว่า ""สวัสดี"" ในภาษาจีนเขียนว่าอะไร",你好
